Season,Players,Type,Sold Price,Team,Overseas,Mat,Inns,No,Runs,Ave,BF,SR,Wickets
2020,Aaron Finch,BAT,4.4,Royal Challengers Bangalore,1,12,12,0,268,22.33,241,111.2,0
2022,Aaron Finch,BAT,1.5,Kolkata Knight Riders,1,5,5,0,86,17.2,61,140.98,
2021,AB de Villiers,BAT,11,Royal Challengers Bangalore,1,15,14,4,313,31.3,211,148.34,0
2020,AB de Villiers,BAT,11,Royal Challengers Bangalore,1,15,14,4,454,45.4,286,158.74,0
2023,Abdul Basith,AR,0.2,Rajasthan Royals,,1,1,1,1,1,1,100,0
2024,Abdul Samad,AR,4,Sunrisers Hyderabad,,12,7,3,182,20.25,108,168.51,0
2023,Abdul Samad,AR,4,Sunrisers Hyderabad,,8,12,2,169,18.2,128,132.03,0
2022,Abdul Samad,AR,4,Sunrisers Hyderabad,,2,8,4,4,42.25,7,57.14,0
2021,Abdul Samad,AR,0.2,Sunrisers Hyderabad,,10,2,0,111,2,87,127.58,1
2020,Abdul Samad,AR,0.2,Sunrisers Hyderabad,,8,10,1,111,12.33,65,170.76,1
2022,Abhijeet Tomar,BAT,0.4,Kolkata Knight Riders,,1,1,0,4,4,8,50,0
2024,Abhinav Manohar,BAT,2.6,Gujarat Titans,,2,2,0,9,4.5,16,56.25,0
2023,Abhinav Manohar,BAT,2.6,Gujarat Titans,,9,6,0,114,19,83,137.34,0
2022,Abhinav Manohar,BAT,2.6,Gujarat Titans,,8,7,1,108,18,75,144,0
2024,Abhishek Sharma,AR,6.5,Sunrisers Hyderabad,,16,16,1,484,32.26,237,204.21,2
2023,Abhishek Sharma,AR,6.5,Sunrisers Hyderabad,,11,11,0,226,20.54,157,143.94,2
2022,Abhishek Sharma,AR,6.5,Sunrisers Hyderabad,,14,14,0,426,30.42,320,133.12,0
2021,Abhishek Sharma,AR,0.55,Sunrisers Hyderabad,,8,7,1,98,16.33,75,130.66,4
2020,Abhishek Sharma,AR,0.55,Sunrisers Hyderabad,,3,7,2,71,14.2,56,126.78,2
2024,Abid Mushtaq,AR,0.2,Rajasthan Royals,,0,0,0,0,0,0,0,0
2024,Abishek Porel,BAT/WK,0.2,Delhi Capitals,,14,12,2,327,32.7,205,159.51,
2022,Adam Milne,BOW,1.9,Chennai Super Kings,1,1,-,-,0,0,0,0,0
2021,Adam Milne,BOW,3.2,Mumbai Indians,1,4,3,1,16,8,17,94.11,3
2023,Adam Zampa,BOW,1.5,Rajasthan Royals,1,6,3,0,10,3.33,16,62.5,8
2021,Adam Zampa,BOW,1.5,Royal Challengers Bangalore,1,3,0,0,0,0,0,0,2
2023,Adil Rashid,BOW,2,Sunrisers Hyderabad,1,2,2,0,22,11,16,137.5,2
2021,Aditya Tare,BAT/WK,0.2,Mumbai Indians,,0,0,0,0,0,0,0,0
2020,Aditya Tare,BAT/WK,0.2,Mumbai Indians,,0,0,0,0,0,0,0,0
2024,Aiden Markram,BAT,2.6,Sunrisers Hyderabad,1,11,11,2,220,24.44,177,124.29,0
2023,Aiden Markram,BAT,2.6,Sunrisers Hyderabad,1,13,13,2,248,22.44,197,125.88,1
2022,Aiden Markram,BAT,2.6,Sunrisers Hyderabad,1,14,12,4,381,47.62,274,139.05,1
2024,Ajay Mandal,AR,0.2,Chennai Super Kings,,0,0,0,0,0,0,0,0
2023,Ajay Mandal,AR,0.2,Chennai Super Kings,,0,0,0,0,0,0,0,0
2024,Ajinkya Rahane,BAT,0.5,Chennai Super Kings,,13,12,0,242,20.16,189,123.46,0
2023,Ajinkya Rahane,BAT,0.5,Chennai Super Kings,,14,11,1,326,32.6,128,172.48,0
2022,Ajinkya Rahane,BAT,1,Kolkata Knight Riders,,7,7,0,133,19,8,103.9,0
2021,Ajinkya Rahane,BAT,5.25,Delhi Capitals ,,2,1,0,8,8,107,100,0
2020,Ajinkya Rahane,BAT,5.25,Delhi Capitals ,,9,8,0,113,14.12,285,105.6,0
2024,Akash Deep,BOW,0.2,Royal Challengers Bangalore,,1,1,1,2,0,2,100,1
2023,Akash Deep,BOW,0.2,Royal Challengers Bangalore,,2,1,0,17,17,8,212.5,1
2022,Akash Deep,BOW,0.2,Royal Challengers Bangalore,,5,1,0,0,0,2,0,5
2024,Akash Madhwal,BOW,0.2,Mumbai Indians,,5,1,1,4,,5,80,5
2023,Akash Madhwal,BOW,0.2,Mumbai Indians,,8,0,0,0,0,0,0,14
2024,Akash Singh,BOW,0.2,Sunrisers Hyderabad,,0,0,0,0,0,0,0,0
2021,Akash Singh,BOW,0.2,Rajasthan Royals,,1,0,0,0,0,0,0,0
2020,Akash Singh,BOW,0.2,Rajasthan Royals,,0,0,0,0,0,0,0,0
2023,Akash Vashisht,AR,0.2,Rajasthan Royals,,0,0,0,0,0,0,0,0
2023,Akeal Hosein,BOW,1,Sunrisers Hyderabad,1,1,1,1,16,16,10,160,1
2020,Alex Carey,BAT/WK,2.4,Delhi Capitals ,1,3,3,1,32,16,29,110.34,0
2022,Alex Hales,BAT,1.5,Kolkata Knight Riders,1,0,0,0,0,0,0,0,0
2024,Alzarri Joseph,BOW,11.5,Royal Challengers Bangalore,1,3,0,0,0,0,0,0,1
2023,Alzarri Joseph,BOW,2.4,Gujarat Titans,1,7,2,2,7,-,12,58.33,7
2022,Alzarri Joseph,BOW,2.4,Gujarat Titans,1,9,3,2,5,5,7,71.42,7
2023,Aman Khan,AR,0.2, Delhi Capitals,,11,9,1,110,13.75,101,108.91,0
2022,Aman Khan,AR,0.2,Kolkata Knight Riders,,1,1,0,5,5,3,166.66,0
2023,Ambati Rayudu,BAT/WK,6.75,Chennai Super Kings,,16,12,2,158,15.8,113,139.82,0
2022,Ambati Rayudu,BAT/WK,6.75,Chennai Super Kings,,13,11,0,274,24.9,224,122.32,0
2021,Ambati Rayudu,BAT/WK,2.2,Chennai Super Kings,,16,13,4,257,28.55,170,151.17,0
2020,Ambati Rayudu,BAT/WK,2.2,Chennai Super Kings,,12,11,2,359,39.88,282,127.3,0
2024,Amit Mishra,BOW,0.5,Lucknow Super Giants,,1,-,-,-,-,-,-,1
2023,Amit Mishra,BOW,0.5,Lucknow Super Giants,,7,1,0,19,19,30,63.33,7
2021,Amit Mishra,BOW,4,Delhi Capitals ,,4,-,-,-,-,-,-,6
2020,Amit Mishra,BOW,4,Delhi Capitals ,,3,-,-,-,-,-,-,3
2024,Andre Russell,AR,16,Kolkata Knight Riders,1,15,9,2,222,31.71,120,185,19
2023,Andre Russell,AR,16,Kolkata Knight Riders,1,14,14,3,227,20.63,156,145.51,7
2022,Andre Russell,AR,12,Kolkata Knight Riders,1,14,12,3,335,37.22,192,174.47,17
2021,Andre Russell,AR,8.5,Kolkata Knight Riders,1,10,9,2,183,26.14,120,152.5,11
2020,Andre Russell,AR,8.5,Kolkata Knight Riders,1,10,9,0,117,13,81,144.44,6
2021,Andrew Tye,BOW,1,Rajasthan Royals,1,0,0,0,0,0,0,0,0
2020,Andrew Tye,BOW,1,Rajasthan Royals,1,1,1,0,6,6,6,100,0
2022,Aneeshwar Gautam,AR,0.2,Royal Challengers Bangalore,,0,0,0,0,0,0,0,0
2024,Angkrish Raghuvanshi,BAT,0.2,Kolkata Knight Riders,,10,7,0,163,23.28,105,155.23,0
2020,Aniruddha Joshi,AR,0.2,Rajasthan Royals,,0,0,0,0,0,0,0,0
2022,Ankit Rajpoot,BOW,0.5,Lucknow Super Giants,,0,0,0,0,,0,0,0
2020,Ankit Rajpoot,BOW,3,Rajasthan Royals,,6,2,1,9,9,10,90,2
2024,Anmolpreet Singh,BAT,0.2,Sunrisers Hyderabad,,2,2,0,5,2.5,6,83.33,0
2023,Anmolpreet Singh,BAT,0.2,Sunrisers Hyderabad,,4,4,0,105,26.25,82,128.04,0
2022,Anmolpreet Singh,BAT,0.2,Mumbai Indians,,2,2,0,13,6.5,13,100,0
2021,Anmolpreet Singh,BAT,0.8,Mumbai Indians,,1,1,0,16,16,14,114.28,0
2020,Anmolpreet Singh,BAT,0.8,Mumbai Indians,,0,0,0,0,0,0,0,0
2024,Anrich Nortje,BOW,6.5,Delhi Capitals,1,6,2,0,4,2,8,50,
2023,Anrich Nortje,BOW,6.5, Delhi Capitals,1,10,7,4,37,12.33,29,127.58,10
2022,Anrich Nortje,BOW,6.5,Delhi Capitals ,1,6,1,1,1,-,6,16.66,9
2021,Anrich Nortje,BOW,0.89,Delhi Capitals ,1,8,-,-,-,-,-,-,12
2022,Ansh Patel,AR,0.2,Punjab Kings,,0,0,0,0,0,0,0,0
2024,Anshul Kamboj,AR,0.2,Mumbai Indians,,3,1,1,2,-,2,100,2
2024,Anuj Rawat,BAT/WK,3.4,Royal Challengers Bangalore,,5,5,1,98,24.5,77,127.27,0
2023,Anuj Rawat,BAT/WK,3.4,Royal Challengers Bangalore,,9,7,4,91,30.33,71,128.16,0
2022,Anuj Rawat,BAT/WK,3.4,Royal Challengers Bangalore,,8,8,0,129,16.12,118,109.32,0
2021,Anuj Rawat,BAT/WK,0.8,Rajasthan Royals,,2,1,0,0,0,1,0,0
2020,Anuj Rawat,BAT/WK,0.8,Rajasthan Royals,,0,0,0,0,0,0,0,0
2024,Anukul Roy,AR,0.2,Kolkata Knight Riders,,4,1,1,3,-,3,100,0
2023,Anukul Roy,AR,0.2,Kolkata Knight Riders,,4,4,2,23,11.5,19,121.05,3
2022,Anukul Roy,AR,0.2,Kolkata Knight Riders,,2,1,0,0,0,2,0,1
2021,Anukul Roy,AR,0.2,Mumbai Indians,,0,0,0,0,0,0,0,0
2020,Anukul Roy,AR,0.2,Mumbai Indians,,0,0,0,0,0,0,0,0
2022,Anunay Singh,AR,0.2,Rajasthan Royals,,0,0,0,0,0,0,0,0
2024,Aravelly Avanish,BAT/WK,0.2,Chennai Super Kings,,0,0,0,0,0,0,0,0
2024,Arjun Tendulkar,AR,0.3,Mumbai Indians,,1,-,-,-,-,-,-,0
2023,Arjun Tendulkar,AR,0.3,Mumbai Indians,,4,1,0,13,13,9,144.44,3
2022,Arjun Tendulkar,AR,0.3,Mumbai Indians,,0,0,0,0,0,0,0,0
2021,Arjun Tendulkar,AR,0.2,Mumbai Indians,,0,0,0,0,0,0,0,0
2024,Arshad Khan,AR,0.2,Lucknow Super Giants,,4,4,2,83,41.5,54,153.7,1
2023,Arshad Khan,AR,0.2,Mumbai Indians,,6,3,1,18,9,15,120,5
2022,Arshad Khan,AR,0.2,Mumbai Indians,,0,0,0,0,0,0,0,0
2024,Arshdeep Singh,BOW,4,Punjab Kings,,14,1,0,4,4,3,133.33,19
2023,Arshdeep Singh,BOW,4,Punjab Kings,,14,2,2,2,-,2,100,17
2022,Arshdeep Singh,BOW,4,Punjab Kings,,14,6,3,21,7,29,72.41,10
2021,Arshdeep Singh,BOW,0.2,Punjab Kings,,12,2,2,2,-,3,66.66,18
2020,Arshdeep Singh,BOW,0.2,Punjab Kings,,8,1,0,0,0,3,0,9
2024,Arshin Kulkarni,AR,0.2,Lucknow Super Giants,,2,2,0,9,4.5,8,112.5,0
2022,Aryan Juyal,BAT/WK,0.2,Mumbai Indians,,0,0,0,0,0,0,0,0
2022,Ashok Sharma,BOW,0.55,Kolkata Knight Riders,,0,0,0,0,0,0,0,0
2024,Ashton Turner,BAT,1,Lucknow Super Giants,1,2,2,0,21,10.5,18,116.66,0
2024,Ashutosh Sharma,AR,0.2,Punjab Kings,,11,9,2,189,27,113,167.25,0
2022,Ashwin Hebbar,BAT,0.2,Delhi Capitals ,,0,0,0,0,0,0,0,0
2024,Atharva Taide,AR,0.2,Punjab Kings,,2,2,0,61,30.5,39,156.41,0
2023,Atharva Taide,AR,0.2,Punjab Kings,,7,7,0,186,26.57,129,144.18,0
2022,Atharva Taide,AR,0.2,Punjab Kings,,0,0,0,0,0,0,0,0
2024,Avesh Khan,BOW,10,Rajasthan Royals,,16,3,3,10,-,5,200,19
2023,Avesh Khan,BOW,10,Lucknow Super Giants,,9,1,1,0,-,1,0,8
2022,Avesh Khan,BOW,10,Lucknow Super Giants,,13,4,3,22,22,13,169.23,18
2021,Avesh Khan,BOW,0.7,Delhi Capitals ,,16,1,0,5,5,3,166.66,24
2020,Avesh Khan,BOW,0.7,Delhi Capitals ,,1,0,0,0,0,0,0,0
2023,Avinash Singh,BOW,0.6,Royal Challengers Bangalore,,0,0,0,0,0,0,0,0
2024,Axar Patel,AR,12,Delhi Capitals,,14,12,4,235,29.37,179,131.28,11
2023,Axar Patel,AR,12, Delhi Capitals,,14,13,3,283,28.3,203,139.4,11
2022,Axar Patel,AR,9,Delhi Capitals ,,13,10,6,182,45.5,120,151.66,6
2021,Axar Patel,AR,5,Delhi Capitals ,,12,6,1,40,8,46,86.95,15
2020,Axar Patel,AR,5,Delhi Capitals ,,15,9,1,117,14.62,85,137.64,9
2024,Ayush Badoni,AR,0.2,Lucknow Super Giants,,14,12,4,235,29.37,171,137.42,0
2023,Ayush Badoni,AR,0.2,Lucknow Super Giants,,15,12,2,238,23.8,172,138.37,0
2022,Ayush Badoni,AR,0.2,Lucknow Super Giants,,13,11,3,161,20.12,130,123.84,2
2024,Azmatullah Omarzai,AR,0.5,Gujarat Titans,1,7,4,0,42,10.5,33,127.27,4
2022,Baba Indrajith,BAT/WK,0.2,Kolkata Knight Riders,,3,3,0,21,7,30,70,0
2023,Baltej Singh,BOW,0.2,Punjab Kings,,0,0,0,0,0,0,0,0
2022,Baltej Singh,BOW,0.2,Punjab Kings,,0,0,0,0,0,0,0,0
2022,Basil Thampi,BOW,0.3,Mumbai Indians,,0,0,0,0,0,0,0,5
2021,Basil Thampi,BOW,0.95,Sunrisers Hyderabad,,0,0,0,0,0,0,0,0
2020,Basil Thampi,BOW,0.95,Sunrisers Hyderabad,,0,0,0,0,0,0,0,1
2020,Bavanaka Sandeep,AR,0.2,Sunrisers Hyderabad,,0,0,0,0,0,0,0,0
2021,Ben Cutting,AR,0.75,Kolkata Knight Riders,1,0,0,0,0,0,0,0,0
2023,Ben Stokes,AR,16.25,Chennai Super Kings,1,2,2,0,15,7.5,14,107.14,0
2021,Ben Stokes,AR,12.5,Rajasthan Royals,1,1,1,0,0,0,3,0,0
2020,Ben Stokes,AR,12.5,Rajasthan Royals,1,8,8,1,285,40.71,200,142.5,2
2022,Benny Howell,AR,0.4,Punjab Kings,1,0,0,0,0,0,0,0,0
2023,Bhagath Varma,AR,0.2,Chennai Super Kings,,0,0,0,0,0,0,0,0
2022,Bhagath Varma,AR,0.2,Chennai Super Kings,,0,0,0,0,0,0,0,0
2023,Bhanuka Rajapaksa,BAT,0.5,Punjab Kings,1,4,4,1,71,23.66,62,114.51,0
2022,Bhanuka Rajapaksa,BAT,0.5,Punjab Kings,1,9,9,0,206,22.88,129,159.68,0
2024,Bhuvneshwar Kumar,BOW,4.2,Sunrisers Hyderabad,,16,5,2,23,7.66,29,79.31,11
2023,Bhuvneshwar Kumar,BOW,4.2,Sunrisers Hyderabad,,14,6,3,42,14,47,89.36,16
2022,Bhuvneshwar Kumar,BOW,4.2,Sunrisers Hyderabad,,14,6,3,24,8,26,92.3,12
2021,Bhuvneshwar Kumar,BOW,8.5,Sunrisers Hyderabad,,11,7,6,34,34,30,113.33,6
2020,Bhuvneshwar Kumar,BOW,8.5,Sunrisers Hyderabad,,4,1,0,0,0,2,0,3
2020,Billy Stanlake,BOW,0.5,Sunrisers Hyderabad,1,0,0,0,0,0,0,0,0
2021,C Hari Nishanth,BAT,0.2,Chennai Super Kings,,0,0,0,0,0,0,0,0
2024,Cameron Green,AR,17.5,Royal Challengers Bangalore,1,13,12,4,255,31.87,178,143.25,10
2023,Cameron Green,AR,17.5,Mumbai Indians,1,16,16,7,452,50.22,282,160.28,6
2022,Chama Milind,BOW,0.25,Royal Challengers Bangalore,,0,0,0,0,0,0,0,0
2022,Chamika Karunaratne,AR,0.5,Kolkata Knight Riders,1,0,0,0,0,0,0,0,0
2024,Chetan Sakariya,BOW,0.5,Kolkata Knight Riders,,0,0,0,0,0,0,0,0
2023,Chetan Sakariya,BOW,4.2, Delhi Capitals,,2,2,1,4,4,6,66.66,3
2022,Chetan Sakariya,BOW,4.2,Delhi Capitals ,,3,0,0,0,0,0,0,3
2021,Chetan Sakariya,BOW,1.2,Rajasthan Royals,,14,6,1,16,3.2,25,64,14
2021,Cheteshwar Pujara,BAT,0.5,Chennai Super Kings,,0,0,0,0,0,0,0,0
2021,Chris Gayle,BAT,2,Punjab Kings,1,10,10,1,193,21.44,154,125.32,0
2020,Chris Gayle,BAT,2,Punjab Kings,1,7,7,0,288,41.14,210,137.14,0
2020,Chris Green,AR,0.2,Kolkata Knight Riders,1,1,0,0,0,0,0,0,0
2022,Chris Jordan,AR,3.6,Chennai Super Kings,1,4,2,1,11,11,8,137.5,2
2021,Chris Jordan,AR,3,Punjab Kings,1,4,2,0,32,16,21,152.38,4
2020,Chris Jordan,AR,3,Punjab Kings,1,9,5,2,29,9.66,31,93.54,9
2021,Chris Lynn,BAT,2,Mumbai Indians,1,1,1,0,49,49,35,140,0
2020,Chris Lynn,BAT,2,Mumbai Indians,1,0,0,0,0,0,0,0,0
2021,Chris Morris,AR,16.25,Rajasthan Royals,1,11,7,2,67,13.4,49,136.73,15
2020,Chris Morris,AR,10,Royal Challengers Bangalore,1,9,5,1,34,8.5,21,161.9,11
2024,Chris Woakes,AR,4.2,Punjab Kings,1,0,0,0,0,0,0,0,0
2021,Chris Woakes,AR,1.5,Delhi Capitals ,1,3,1,1,15,-,11,136.36,5
2020,Chris Woakes,AR,1.5,Delhi Capitals ,1,0,0,0,0,0,0,0,0
2020,Dale Steyn,BOW,2,Royal Challengers Bangalore,1,3,1,1,1,-,2,50,1
2021,Daniel Christian,AR,4.8,Royal Challengers Bangalore,1,9,7,1,14,2.33,24,58.33,4
2023,Daniel Sams,AR,0.75,Lucknow Super Giants,1,0,0,0,0,0,0,0,0
2022,Daniel Sams,AR,2.6,Mumbai Indians,1,11,10,3,38,5.42,36,105.55,13
2021,Daniel Sams,AR,0.3,Royal Challengers Bangalore,1,2,2,1,6,6,6,100,1
2024,Darshan Nalkande,AR,0.2,Gujarat Titans,,3,1,0,12,12,11,109.09,3
2023,Darshan Nalkande,AR,0.2,Gujarat Titans,,1,1,0,0,0,1,0,1
2022,Darshan Nalkande,AR,0.2,Gujarat Titans,,2,0,0,0,0,0,0,2
2021,Darshan Nalkande,AR,0.3,Punjab Kings,,0,0,0,0,0,0,0,0
2020,Darshan Nalkande,AR,0.3,Punjab Kings,,0,0,0,0,0,0,0,0
2024,Daryl Mitchell,AR,14,Chennai Super Kings,1,13,13,2,318,28.9,223,142.6,1
2022,Daryl Mitchell,AR,0.75,Rajasthan Royals,1,2,2,0,33,16.5,44,75,0
2024,David Miller,BAT,3,Gujarat Titans,1,9,9,3,210,35,139,151.07,0
2023,David Miller,BAT,3,Gujarat Titans,1,16,13,5,259,32.37,178,145.5,0
2022,David Miller,BAT,3,Gujarat Titans,1,16,16,9,481,68.71,337,142.72,0
2021,David Miller,BAT,0.75,Rajasthan Royals,1,9,8,3,124,24.8,113,109.73,0
2020,David Miller,BAT,0.75,Rajasthan Royals,1,1,1,0,0,0,0,-,0
2024,David Warner,BAT,6.25,Delhi Capitals,1,8,8,0,168,21,125,134.4,0
2023,David Warner,BAT,6.25, Delhi Capitals,1,14,14,0,516,36.85,392,131.63,0
2022,David Warner,BAT,6.25,Delhi Capitals ,1,12,12,3,432,48,287,150.52,0
2021,David Warner,BAT,12.5,Sunrisers Hyderabad,1,8,8,0,195,24.37,181,107.73,0
2020,David Warner,BAT,12.5,Sunrisers Hyderabad,1,16,16,2,548,39.14,407,134.64,0
2023,David Wiese,AR,1,Kolkata Knight Riders,1,3,3,2,21,21,11,190.9,0
2024,David Willey,AR,2,Lucknow Super Giants,1,0,0,0,0,0,0,0,0
2023,David Willey,AR,2,Royal Challengers Bangalore,1,4,3,3,35,-,32,109.37,3
2022,David Willey,AR,2,Royal Challengers Bangalore,1,4,2,0,18,9,30,60,1
2021,Dawid Malan,BAT,1.5,Punjab Kings,1,1,1,0,26,26,26,100,0
2024,Deepak Chahar,BOW,14,Chennai Super Kings,,8,-,-,-,-,-,-,
2023,Deepak Chahar,BOW,14,Chennai Super Kings,,10,1,1,1,-,2,50,13
2022,Deepak Chahar,BOW,14,Chennai Super Kings,,0,0,0,0,0,0,0,0
2021,Deepak Chahar,AR,0.8,Chennai Super Kings,,15,2,2,1,-,1,100,14
2020,Deepak Chahar,AR,0.8,Chennai Super Kings,,14,3,2,7,7,12,58.33,12
2024,Deepak Hooda,AR,5.75,Lucknow Super Giants,,11,9,1,145,18.12,105,138.09,0
2023,Deepak Hooda,AR,5.75,Lucknow Super Giants,,12,12,1,84,7.63,90,93.33,0
2022,Deepak Hooda,AR,5.75,Lucknow Super Giants,,15,14,0,451,32.21,330,136.66,1
2021,Deepak Hooda,AR,0.5,Punjab Kings,,12,11,1,160,16,123,130.08,2
2020,Deepak Hooda,AR,0.5,Punjab Kings,,7,5,4,101,101,71,142.25,0
2024,Devdutt Padikkal,BAT,7.75,Lucknow Super Giants,,7,7,0,38,5.42,53,71.69,0
2023,Devdutt Padikkal,BAT,7.75,Rajasthan Royals,,11,11,1,261,26.1,200,130.5,0
2022,Devdutt Padikkal,BAT,7.75,Rajasthan Royals,,17,17,0,376,22.11,306,122.87,0
2021,Devdutt Padikkal,BAT,0.2,Royal Challengers Bangalore,,14,14,1,411,31.61,328,125.3,0
2020,Devdutt Padikkal,BAT,0.2,Royal Challengers Bangalore,,15,15,0,473,31.53,379,124.8,0
2024,Devon Conway,BAT,1,Chennai Super Kings,1,0,0,0,0,0,0,0,0
2023,Devon Conway,BAT,1,Chennai Super Kings,1,16,15,2,672,51.69,481,139.7,0
2022,Devon Conway,BAT,1,Chennai Super Kings,1,7,7,1,252,42,173,145.66,0
2024,Dewald Brevis,BAT,3,Mumbai Indians,1,3,3,0,69,23,59,116.94,0
2023,Dewald Brevis,BAT,3,Mumbai Indians,1,0,0,0,0,0,0,0,0
2022,Dewald Brevis,BAT,3,Mumbai Indians,1,7,7,0,161,23,113,142.47,1
2021,Dhawal Kulkarni,BOW,0.75,Mumbai Indians,,1,1,1,0,-,0,-,0
2020,Dhawal Kulkarni,BOW,0.75,Mumbai Indians,,1,1,1,3,-,2,150,0
2024,Dhruv Jurel,BAT/WK,0.2,Rajasthan Royals,,15,11,3,195,24.37,141,138.29,0
2023,Dhruv Jurel,BAT/WK,0.2,Rajasthan Royals,,13,11,4,152,21.71,88,172.72,0
2022,Dhruv Jurel,BAT/WK,0.2,Rajasthan Royals,,0,0,0,0,0,0,0,0
2020,Digvijay Deshmukh,AR,0.2,Mumbai Indians,,0,0,0,0,0,0,0,0
2024,Dilshan Madushanka,BOW,4.6,Mumbai Indians,1,0,0,0,0,0,0,0,0
2024,Dinesh Karthik,BAT/WK,5.5,Royal Challengers Bangalore,,15,13,4,326,36.22,174,187.35,0
2023,Dinesh Karthik,BAT/WK,5.5,Royal Challengers Bangalore,,13,13,1,140,11.66,104,134.61,0
2022,Dinesh Karthik,BAT/WK,5.5,Royal Challengers Bangalore,,16,16,10,330,55,180,183.33,0
2021,Dinesh Karthik,BAT/WK,7.4,Kolkata Knight Riders,,17,15,5,223,22.3,170,131.17,0
2020,Dinesh Karthik,BAT/WK,7.4,Kolkata Knight Riders,,14,14,2,169,14.08,134,126.11,0
2022,Dominic Drakes,AR,1.2,Gujarat Titans,1,0,0,0,0,0,0,0,0
2024,Donovan Ferreira,BAT/WK,0.5,Rajasthan Royals,1,2,2,0,8,4,11,72.72,0
2023,Donovan Ferreira,BAT/WK,0.5,Rajasthan Royals,1,0,0,0,0,0,0,0,0
2023,Duan Jansen,AR,0.2,Mumbai Indians,1,1,-,-,-,-,-,-,1
2022,Dushmantha Chameera,BOW,2,Lucknow Super Giants,1,12,8,4,43,10.75,28,153.57,9
2023,Dwaine Pretorius,AR,0.5,Chennai Super Kings,1,1,-,-,-,-,-,-,0
2022,Dwaine Pretorius,AR,0.5,Chennai Super Kings,1,6,5,1,44,11,28,157.14,6
2022,Dwayne Bravo,AR,4.4,Chennai Super Kings,1,10,6,4,23,11.5,24,95.83,16
2021,Dwayne Bravo,AR,6.4,Chennai Super Kings,1,11,3,2,47,47,18,261.11,14
2020,Dwayne Bravo,AR,6.4,Chennai Super Kings,1,6,2,0,7,3.5,6,116.66,6
2021,Eoin Morgan,BAT,5.25,Kolkata Knight Riders,1,17,16,4,133,11.08,139,95.68,0
2020,Eoin Morgan,BAT,5.25,Kolkata Knight Riders,1,14,14,4,418,41.8,302,138.41,0
2022,Evin Lewis,BAT,2,Lucknow Super Giants,1,6,5,2,73,24.33,56,130.35,0
2022,Fabian Allen,AR,0.75,Mumbai Indians,1,1,1,0,8,8,7,114.28,1
2021,Fabian Allen,AR,0.75,Punjab Kings,1,4,3,2,6,6,12,50,1
2020,Fabian Allen,AR,0.5,Sunrisers Hyderabad,1,0,0,0,0,0,0,0,0
2024,Faf du Plessis,BAT,7,Royal Challengers Bangalore,1,15,15,0,438,29.2,271,161.62,0
2023,Faf du Plessis,BAT,7,Royal Challengers Bangalore,1,14,14,1,730,56.15,475,153.68,0
2022,Faf du Plessis,BAT,7,Royal Challengers Bangalore,1,16,16,1,468,31.2,367,127.52,0
2021,Faf du Plessis,BAT,1.6,Chennai Super Kings,1,16,16,2,633,45.21,458,138.2,0
2020,Faf du Plessis,BAT,1.6,Chennai Super Kings,1,13,13,2,449,40.81,319,140.75,0
2024,Fazalhaq Farooqi,BOW,0.5,Sunrisers Hyderabad,1,0,0,0,0,0,0,0,0
2023,Fazalhaq Farooqi,BOW,0.5,Sunrisers Hyderabad,1,4,1,1,1,-,5,20,4
2022,Fazalhaq Farooqi,BOW,0.5,Sunrisers Hyderabad,1,3,1,1,2,-,8,25,2
2023,Finn Allen,BAT,0.8,Royal Challengers Bangalore,1,0,0,0,0,0,0,0,0
2022,Finn Allen,BAT,0.8,Royal Challengers Bangalore,1,0,0,0,0,0,0,0,0
2024,Gerald Coetzee,AR,5,Mumbai Indians,1,10,5,1,14,3.5,22,63.63,13
2024,Glenn Maxwell,AR,11,Royal Challengers Bangalore,1,10,9,0,52,5.77,43,120.93,6
2023,Glenn Maxwell,AR,11,Royal Challengers Bangalore,1,14,14,2,400,33.33,218,183.48,3
2022,Glenn Maxwell,AR,11,Royal Challengers Bangalore,1,13,13,2,301,27.36,178,169.1,6
2021,Glenn Maxwell,AR,14.25,Royal Challengers Bangalore,1,15,14,2,513,42.75,356,144.1,3
2020,Glenn Maxwell,AR,10.75,Punjab Kings,1,13,11,4,108,15.42,106,101.88,3
2024,Glenn Phillips,BAT/WK,1.5,Sunrisers Hyderabad,1,0,0,0,0,0,0,0,0
2023,Glenn Phillips,BAT/WK,1.5,Sunrisers Hyderabad,1,5,5,0,39,7.8,22,177.27,1
2022,Glenn Phillips,BAT/WK,1.5,Sunrisers Hyderabad,1,0,0,0,0,0,0,0,0
2022,Gurkeerat Singh Mann,AR,0.5,Gujarat Titans,,0,0,0,0,0,0,0,0
2020,Gurkeerat Singh Mann,AR,0.5,Royal Challengers Bangalore,,8,5,5,71,-,80,88.75,0
2024,Gus Atkinson,BOW,1,Kolkata Knight Riders,1,0,0,0,0,0,0,0,0
2021,Harbhajan Singh,BOW,2,Kolkata Knight Riders,,3,2,2,4,-,4,100,0
2020,Harbhajan Singh,BOW,2,Chennai Super Kings,,0,0,0,0,0,0,0,0
2024,Hardik Pandya,AR,15,Mumbai Indians,,14,13,1,216,18,151,143.04,11
2023,Hardik Pandya,AR,15,Gujarat Titans,,16,15,4,346,31.45,253,136.75,3
2022,Hardik Pandya,AR,15,Gujarat Titans,,15,15,4,487,44.27,371,131.26,8
2021,Hardik Pandya,AR,11,Mumbai Indians,,12,11,2,127,14.11,112,113.39,0
2020,Hardik Pandya,AR,11,Mumbai Indians,,14,13,5,281,35.12,157,178.98,0
2020,Hardus Viljoen,BOW,0.75,Punjab Kings,1,0,0,0,0,0,0,0,0
2022,Hari Nishaanth,BAT,0.2,Chennai Super Kings,,0,0,0,0,0,0,0,0
2021,Harishankar Reddy,BOW,0.2,Chennai Super Kings,,0,0,0,0,0,0,0,0
2023,Harpreet Bhatia,BAT,0.4,Punjab Kings,,3,3,0,76,25.33,59,128.81,0
2024,Harpreet Brar,AR,3.8,Punjab Kings,,13,7,5,75,37.5,54,138.88,7
2023,Harpreet Brar,AR,3.8,Punjab Kings,,13,8,2,52,8.66,41,126.82,9
2022,Harpreet Brar,AR,3.8,Punjab Kings,,5,3,0,22,7.33,25,88,4
2021,Harpreet Brar,AR,0.2,Punjab Kings,,7,5,5,64,-,58,110.34,5
2020,Harpreet Brar,AR,0.2,Punjab Kings,,1,-,-,-,-,-,-,0
2024,Harry Brook,BAT,4,Delhi Capitals,1,0,0,0,0,0,0,0,0
2023,Harry Brook,BAT,13.25,Sunrisers Hyderabad,1,11,11,2,190,21.11,154,123.37,0
2020,Harry Gurney,BOW,0.75,Kolkata Knight Riders,1,0,0,0,0,0,0,0,0
2024,Harshal Patel,AR,11.75,Punjab Kings,,14,4,1,13,4.33,19,68.42,24
2023,Harshal Patel,AR,10.75,Royal Challengers Bangalore,,14,2,0,6,3,6,100,14
2022,Harshal Patel,AR,10.75,Royal Challengers Bangalore,,15,8,3,43,8.6,39,110.25,19
2021,Harshal Patel,AR,0.2,Royal Challengers Bangalore,,15,8,4,59,14.75,46,128.26,32
2020,Harshal Patel,AR,0.2,Delhi Capitals ,,5,2,0,21,10.5,24,87.5,3
2024,Harshit Rana,BOW,0.2,Kolkata Knight Riders,,13,-,-,-,-,-,-,19
2023,Harshit Rana,BOW,0.2,Kolkata Knight Riders,,6,1,0,0,0,1,0,5
2024,Heinrich Klaasen,BAT/WK,5.25,Sunrisers Hyderabad,1,16,15,3,479,39.91,280,171.07,0
2023,Heinrich Klaasen,BAT/WK,5.25,Sunrisers Hyderabad,1,12,11,2,448,49.77,253,177.07,0
2024,Himanshu Sharma,BOW,0.2,Royal Challengers Bangalore,,1,0,0,0,0,0,0,0
2023,Himanshu Sharma,BOW,0.2,Royal Challengers Bangalore,,1,0,0,0,0,0,0,0
2023,Hrithik Shokeen,AR,0.2,Mumbai Indians,,8,3,2,23,23,17,135.29,3
2022,Hrithik Shokeen,AR,0.2,Mumbai Indians,,5,3,1,43,21.5,48,89.58,2
2021,Imran Tahir,BOW,1,Chennai Super Kings,1,1,-,-,-,-,-,-,2
2020,Imran Tahir,BOW,1,Chennai Super Kings,1,3,1,1,13,-,10,130,1
2024,Ishan Kishan,BAT/WK,15.25,Mumbai Indians,,14,14,0,320,22.85,215,148.83,0
2023,Ishan Kishan,BAT/WK,15.25,Mumbai Indians,,16,15,0,454,30.26,318,142.76,0
2022,Ishan Kishan,BAT/WK,15.25,Mumbai Indians,,14,14,1,418,32.15,348,120.11,0
2021,Ishan Kishan,BAT/WK,6.2,Mumbai Indians,,10,10,1,241,26.77,180,133.88,0
2020,Ishan Kishan,BAT/WK,6.2,Mumbai Indians,,14,13,4,516,57.33,354,145.76,0
2022,Ishan Porel,BOW,0.25,Punjab Kings,,0,0,0,0,0,0,0,0
2021,Ishan Porel,BOW,0.2,Punjab Kings,,0,0,0,0,0,0,0,1
2020,Ishan Porel,BOW,0.2,Punjab Kings,,0,0,0,0,0,0,0,0
2024,Ishant Sharma,BOW,0.5,Delhi Capitals,,9,2,2,1,-,7,14.28,10
2023,Ishant Sharma,BOW,0.5, Delhi Capitals,,8,1,1,1,-,1,100,10
2021,Ishant Sharma,BOW,1.1,Delhi Capitals ,,3,-,-,-,-,-,-,1
2020,Ishant Sharma,BOW,1.1,Delhi Capitals ,,1,-,-,-,-,-,-,0
2020,Isuru Udana,AR,0.5,Royal Challengers Bangalore,1,10,4,1,15,5,11,136.36,8
2022,J Suchith,BOW,0.2,Sunrisers Hyderabad,,5,2,0,2,1,8,25,7
2020,J Suchith,BOW,0.2,Punjab Kings,,0,0,0,0,0,0,0,0
2021,J Suchith,BOW,0.3,Sunrisers Hyderabad,,2,1,1,14,-,6,233.33,0
2021,Jalaj Saxena,AR,0.3,Punjab Kings,,0,0,0,0,0,0,0,0
2022,James Neesham,AR,1.5,Rajasthan Royals,1,2,2,0,31,15.5,27,114.81,0
2021,James Neesham,AR,0.5,Mumbai Indians,1,3,2,0,0,0,2,0,5
2020,James Neesham,AR,0.5,Punjab Kings,1,5,3,1,19,9.5,18,105.55,2
2024,Jason Behrendorff,BOW,0.75,Mumbai Indians,1,0,0,0,0,0,0,0,0
2023,Jason Behrendorff,BOW,0.75,Mumbai Indians,1,12,2,2,6,-,9,66.66,14
2022,Jason Behrendorff,BOW,0.75,Royal Challengers Bangalore,1,0,0,0,0,0,0,0,0
2023,Jason Holder,AR,5.75,Rajasthan Royals,1,8,3,1,12,6,11,109.09,4
2022,Jason Holder,AR,8.75,Lucknow Super Giants,1,12,8,2,58,9.66,44,131.81,14
2021,Jason Holder,AR,0.75,Sunrisers Hyderabad,1,8,7,1,85,14.16,72,118.05,16
2023,Jason Roy,BAT,2.8,Kolkata Knight Riders,1,8,8,0,285,35.62,188,151.59,0
2022,Jason Roy,BAT,2,Gujarat Titans,1,0,0,0,0,0,0,0,0
2020,Jason Roy,BAT,1.5,Delhi Capitals ,1,0,0,0,0,0,0,0,0
2024,Jasprit Bumrah,BOW,12,Mumbai Indians,,13,4,4,12,-,12,100,20
2022,Jasprit Bumrah,BOW,12,Mumbai Indians,,14,6,4,0,0,8,0,15
2021,Jasprit Bumrah,BOW,7,Mumbai Indians,,14,7,5,16,8,17,94.11,21
2020,Jasprit Bumrah,BOW,7,Mumbai Indians,,15,1,1,5,-,3,166.66,27
2024,Jayant Yadav,AR,1.7,Gujarat Titans,,0,0,0,0,0,0,0,0
2023,Jayant Yadav,AR,1.7,Gujarat Titans,,0,0,0,0,0,0,0,0
2022,Jayant Yadav,AR,1.7,Gujarat Titans,,0,0,0,0,0,0,0,0
2021,Jayant Yadav,AR,0.5,Mumbai Indians,,5,3,1,34,17,26,130.76,0
2020,Jayant Yadav,AR,0.5,Mumbai Indians,,0,0,0,0,0,0,0,0
2024,Jaydev Unadkat,BOW,1.6,Sunrisers Hyderabad,,11,5,2,24,8,26,92.3,8
2023,Jaydev Unadkat,BOW,0.5,Lucknow Super Giants,,3,1,0,9,9,7,128.57,0
2022,Jaydev Unadkat,BOW,1.3,Mumbai Indians,,5,5,2,59,19.66,37,159.45,6
2021,Jaydev Unadkat,BOW,3,Rajasthan Royals,,6,3,1,41,20.5,29,141.37,4
2020,Jaydev Unadkat,BOW,3,Rajasthan Royals,,7,1,0,9,9,13,69.23,4
2024,Jhathavedh Subramanyan,BOW,0.2,Sunrisers Hyderabad,,0,0,0,0,0,0,0,0
2024,Jhye Richardson,BOW,5,Delhi Capitals,1,1,1,0,2,2,2,100,0
2023,Jhye Richardson,BOW,1.5,Mumbai Indians,1,0,0,0,0,0,0,0,0
2021,Jhye Richardson,BOW,14,Punjab Kings,1,3,2,0,15,7.5,24,62.5,3
2024,Jitesh Sharma,BAT/WK,0.2,Punjab Kings,,14,12,1,187,17,142,131.69,0
2023,Jitesh Sharma,BAT/WK,0.2,Punjab Kings,,14,14,1,309,23.76,198,156.06,0
2022,Jitesh Sharma,BAT/WK,0.2,Punjab Kings,,12,10,2,234,29.25,143,163.63,0
2023,Joe Root,BAT,1,Rajasthan Royals,1,3,1,0,10,10,15,66.66,0
2023,Jofra Archer,AR,8,Mumbai Indians,1,5,2,2,4,-,4,100,2
2022,Jofra Archer,AR,8,Mumbai Indians,1,0,0,0,0,0,0,0,0
2021,Jofra Archer,AR,7.2,Rajasthan Royals,1,0,0,0,0,0,0,0,0
2020,Jofra Archer,AR,7.2,Rajasthan Royals,1,14,10,4,113,18.83,63,179.36,20
2024,Jonny Bairstow,BAT/WK,6.75,Punjab Kings,1,11,11,1,298,29.8,195,152.82,0
2023,Jonny Bairstow,BAT/WK,6.75,Punjab Kings,1,0,0,0,0,0,0,0,0
2022,Jonny Bairstow,BAT/WK,6.75,Punjab Kings,1,11,11,0,253,23,175,144.57,0
2021,Jonny Bairstow,BAT/WK,2.2,Sunrisers Hyderabad,1,7,7,1,248,41.33,175,141.71,0
2020,Jonny Bairstow,BAT/WK,2.2,Sunrisers Hyderabad,1,11,11,0,345,31.36,272,126.83,0
2024,Jos Buttler,BAT/WK,10,Rajasthan Royals,1,11,11,2,359,39.88,255,140.78,0
2023,Jos Buttler,BAT/WK,10,Rajasthan Royals,1,14,14,0,392,28,282,139,0
2022,Jos Buttler,BAT/WK,10,Rajasthan Royals,1,17,17,2,863,57.53,579,149.05,0
2021,Jos Buttler,BAT/WK,4.4,Rajasthan Royals,1,7,7,0,254,36.28,166,153.01,0
2020,Jos Buttler,BAT/WK,4.4,Rajasthan Royals,1,13,12,2,328,32.8,227,144.49,0
2023,Josh Hazlewood,BOW,7.75,Royal Challengers Bangalore,1,3,1,1,1,-,2,50,3
2022,Josh Hazlewood,BOW,7.75,Royal Challengers Bangalore,1,12,5,5,18,-,26,69.23,20
2021,Josh Hazlewood,BOW,2,Chennai Super Kings,1,9,-,-,-,-,-,-,11
2020,Josh Hazlewood,BOW,2,Chennai Super Kings,1,3,-,-,-,-,-,-,1
2024,Josh Little,BOW,4.4,Gujarat Titans,1,0,0,0,0,0,0,0,4
2023,Josh Little,BOW,4.4,Gujarat Titans,1,0,0,0,0,0,0,0,7
2021,Joshua Philippe,BAT/WK,0.2,Royal Challengers Bangalore,1,0,0,0,0,0,0,0,0
2020,Joshua Philippe,BAT/WK,0.2,Royal Challengers Bangalore,1,5,5,1,78,19.5,77,101.29,0
2021,K Bhagath Varma,AR,0.2,Chennai Super Kings,,0,0,0,0,0,0,0,0
2024,K Gowtham,AR,0.5,Lucknow Super Giants,,1,-,-,-,-,-,-,0
2022,K Gowtham,AR,0.9,Lucknow Super Giants,,4,1,0,0,0,1,0,5
2020,K Gowtham,AR,6.2,Punjab Kings,,2,2,1,42,42,27,155.55,1
2024,Kagiso Rabada,BOW,9.25,Punjab Kings,1,11,3,2,20,20,14,142.85,11
2023,Kagiso Rabada,BOW,9.25,Punjab Kings,1,6,2,1,0,0,2,0,7
2022,Kagiso Rabada,BOW,9.25,Punjab Kings,1,13,8,3,48,9.6,43,111.62,23
2021,Kagiso Rabada,BOW,4.2,Delhi Capitals ,1,15,3,3,13,-,6,216.66,15
2020,Kagiso Rabada,BOW,4.2,Delhi Capitals ,1,17,8,4,56,14,49,114.28,30
2023,Kamlesh Nagarkoti,AR,1.1, Delhi Capitals,,0,0,0,0,0,0,0,0
2022,Kamlesh Nagarkoti,AR,1.1,Delhi Capitals ,,1,-,-,-,-,-,-,0
2021,Kamlesh Nagarkoti,AR,3.2,Kolkata Knight Riders,,1,1,0,0,0,2,0,0
2020,Kamlesh Nagarkoti,AR,3.2,Kolkata Knight Riders,,10,6,3,22,7.33,31,70.96,5
2021,Kane Richardson,BOW,4,Royal Challengers Bangalore,1,1,-,-,-,-,-,-,1
2020,Kane Richardson,BOW,4,Royal Challengers Bangalore,1,0,0,0,0,0,0,0,0
2024,Kane Williamson,BAT,2,Gujarat Titans,1,2,2,0,27,13.5,27,100,0
2023,Kane Williamson,BAT,2,Gujarat Titans,1,1,-,-,-,-,-,-,0
2022,Kane Williamson,BAT,14,Sunrisers Hyderabad,1,13,13,2,216,19.63,231,93.5,0
2021,Kane Williamson,BAT,3,Sunrisers Hyderabad,1,10,10,4,266,44.33,235,113.19,0
2020,Kane Williamson,BAT,3,Sunrisers Hyderabad,1,12,11,4,317,45.28,237,133.75,0
2023,Karan Sharma,AR,0.2,Lucknow Super Giants,,2,2,0,12,6,21,57.14,0
2022,Karan Sharma,AR,0.2,Lucknow Super Giants,,1,1,0,4,4,4,100,0
2024,Karn Sharma,BOW,0.5,Royal Challengers Bangalore,,9,3,0,31,10.33,15,206.66,7
2024,Kartik Tyagi,BOW,0.6,Gujarat Titans,,1,-,-,-,-,-,-,0
2023,Kartik Tyagi,BOW,4,Sunrisers Hyderabad,,3,-,-,-,-,-,-,1
2022,Kartik Tyagi,BOW,4,Sunrisers Hyderabad,,2,2,0,7,3.5,6,116.66,1
2021,Kartik Tyagi,BOW,1.3,Rajasthan Royals,,4,2,1,2,2,4,50,4
2020,Kartik Tyagi,BOW,1.3,Rajasthan Royals,,10,3,2,4,4,6,66.66,9
2022,Karun Nair,BAT,1.4,Rajasthan Royals,,3,2,0,16,8,18,88.88,0
2021,Karun Nair,BAT,0.5,Kolkata Knight Riders,,0,0,0,0,0,0,0,0
2020,Karun Nair,BAT,5.6,Punjab Kings,,4,3,1,16,8,14,114.28,0
2023,KC Cariappa,BOW,0.3,Rajasthan Royals,,0,0,0,0,0,0,0,0
2022,KC Cariappa,BOW,0.3,Rajasthan Royals,,0,0,0,0,0,0,0,0
2021,KC Cariappa,BOW,0.2,Rajasthan Royals,,0,0,0,0,0,0,0,0
2021,Kedar Jadhav,AR,2,Sunrisers Hyderabad,,6,5,1,55,13.75,52,105.76,0
2020,Kedar Jadhav,AR,7.8,Chennai Super Kings,,8,5,2,62,20.66,66,93.93,0
2020,Keemo Paul,AR,0.5,Delhi Capitals ,1,0,0,0,0,0,0,0,0
2024,Khaleel Ahmed,BOW,5.25,Delhi Capitals,,14,-,-,-,-,-,-,17
2023,Khaleel Ahmed,BOW,5.25, Delhi Capitals,,9,-,-,-,-,-,-,9
2022,Khaleel Ahmed,BOW,5.25,Delhi Capitals ,,10,2,0,0,0,2,0,16
2021,Khaleel Ahmed,BOW,3,Sunrisers Hyderabad,,7,1,0,1,1,2,50,5
2020,Khaleel Ahmed,BOW,3,Sunrisers Hyderabad,,7,1,0,0,0,2,0,8
2022,Kieron Pollard,AR,6,Mumbai Indians,1,11,11,1,144,14.4,134,107.46,4
2021,Kieron Pollard,AR,5.4,Mumbai Indians,1,14,13,5,245,30.62,165,148.48,5
2020,Kieron Pollard,AR,5.4,Mumbai Indians,1,16,12,7,268,53.6,140,191.42,4
2024,KL Rahul,BAT/WK,17,Lucknow Super Giants,,14,14,0,520,37.14,382,136.12,0
2023,KL Rahul,BAT/WK,17,Lucknow Super Giants,,9,9,1,274,34.25,242,113.22,0
2022,KL Rahul,BAT/WK,17,Lucknow Super Giants,,15,15,3,616,51.33,455,135.38,0
2021,KL Rahul,BAT/WK,11,Punjab Kings,,13,13,3,626,62.6,451,138.8,0
2020,KL Rahul,BAT/WK,11,Punjab Kings,,14,14,2,670,55.83,518,129.34,0
2023,KM Asif,BOW,0.3,Rajasthan Royals,,4,1,0,0,0,2,0,3
2022,KM Asif,BOW,0.2,Chennai Super Kings,,0,0,0,0,0,0,0,0
2021,KM Asif,BOW,0.4,Chennai Super Kings,,1,-,-,-,-,-,-,1
2020,KM Asif,BOW,0.4,Chennai Super Kings,,0,0,0,0,0,0,0,0
2024,Krishnappa Gowtham,AR,0.9,Lucknow Super Giants,,0,0,0,0,0,0,0,0
2024,Krunal Pandya,AR,8.25,Lucknow Super Giants,,14,12,8,133,33.25,105,126.66,6
2023,Krunal Pandya,AR,8.25,Lucknow Super Giants,,15,14,4,188,18.8,165,113.93,9
2022,Krunal Pandya,AR,8.25,Lucknow Super Giants,,14,13,4,183,20.33,145,126.2,10
2021,Krunal Pandya,AR,8.8,Mumbai Indians,,13,12,2,143,14.3,123,116.26,5
2020,Krunal Pandya,AR,8.8,Mumbai Indians,,16,12,6,109,18.16,92,118.47,6
2024,KS Bharat,BAT/WK,0.5,Kolkata Knight Riders,,0,0,0,0,0,0,0,0
2022,KS Bharat,BAT/WK,2,Delhi Capitals ,,2,2,0,8,4,7,114.28,0
2021,KS Bharat,BAT/WK,0.2,Royal Challengers Bangalore,,8,7,2,191,38.2,156,122.43,0
2024,Kuldeep Sen,BOW,0.2,Rajasthan Royals,,3,-,-,-,-,-,-,6
2023,Kuldeep Sen,BOW,0.2,Rajasthan Royals,,2,-,-,-,-,-,-,0
2022,Kuldeep Sen,BOW,0.2,Rajasthan Royals,,7,1,1,0,-,3,0,8
2024,Kuldeep Yadav,BOW,2,Delhi Capitals,,11,5,2,47,15.66,41,114.63,16
2023,Kuldeep Yadav,BOW,2, Delhi Capitals,,14,10,8,31,15.5,48,64.58,10
2022,Kuldeep Yadav,BOW,2,Delhi Capitals ,,14,7,6,48,48,52,92.3,21
2021,Kuldeep Yadav,BOW,5.8,Kolkata Knight Riders,,0,0,0,0,0,0,0,0
2020,Kuldeep Yadav,BOW,5.8,Kolkata Knight Riders,,5,2,1,13,13,21,61.9,1
2023,Kuldip Yadav,BOW,0.2,Rajasthan Royals,,2,-,-,-,-,-,-,2
2022,Kuldip Yadav,BOW,0.2,Rajasthan Royals,,0,0,0,0,0,0,0,0
2021,Kuldip Yadav,BOW,0.2,Rajasthan Royals,,1,1,1,0,-,4,0,0
2023,Kulwant Khejroliya,BOW,0.2,Kolkata Knight Riders,,2,-,-,-,-,-,-,2
2022,Kumar Kartikeya,BOW,0.2,Mumbai Indians,,4,1,0,3,3,5,60,5
2023,Kumar Kartikeya,BOW,0.2,Mumbai Indians,,8,1,0,6,6,7,85.71,5
2024,Kumar Kushagra,BAT/WK,7.2,Delhi Capitals,,4,3,0,3,1,7,42.85,0
2024,Kunal Singh Rathore,BAT/WK,0.2,Rajasthan Royals,,0,0,0,0,0,0,0,0
2023,Kunal Singh Rathore,BAT/WK,0.2,Rajasthan Royals,,0,0,0,0,0,0,0,0
2023,Kyle Jamieson,BOW,1,Chennai Super Kings,1,0,0,0,0,0,0,0,0
2021,Kyle Jamieson,AR,15,Royal Challengers Bangalore,1,9,7,3,65,16.25,55,118.18,9
2024,Kyle Mayers,AR,0.5,Lucknow Super Giants,1,0,0,0,0,0,0,0,0
2023,Kyle Mayers,AR,0.5,Lucknow Super Giants,1,13,13,0,379,29.15,263,144.1,0
2022,Kyle Mayers,AR,0.5,Lucknow Super Giants,1,0,0,0,0,0,0,0,0
2024,Lalit Yadav,AR,0.65,Delhi Capitals,,2,2,0,10,5,12,83.33,0
2023,Lalit Yadav,AR,0.65, Delhi Capitals,,6,6,1,66,13.2,59,111.86,2
2022,Lalit Yadav,AR,0.65,Delhi Capitals ,,12,8,1,161,23,146,110.27,4
2021,Lalit Yadav,AR,0.2,Delhi Capitals ,,7,5,3,68,34,73,93.15,4
2020,Lalit Yadav,AR,0.2,Delhi Capitals ,,0,0,0,0,0,0,0,0
2020,Lasith Malinga,BOW,2,Mumbai Indians,1,0,0,0,0,0,0,0,0
2024,Liam Livingstone,AR,11.5,Punjab Kings,1,7,7,2,111,22.2,78,142.3,3
2023,Liam Livingstone,AR,11.5,Punjab Kings,1,9,9,1,279,34.87,171,163.15,2
2022,Liam Livingstone,AR,11.5,Punjab Kings,1,14,14,2,437,36.41,240,182.08,6
2021,Liam Livingstone,AR,0.75,Rajasthan Royals,1,5,5,0,42,8.4,41,102.43,0
2023,Litton Das,BAT/WK,0.5,Kolkata Knight Riders,1,1,1,0,4,4,4,100,0
2024,Lockie Ferguson,BOW,2,Royal Challengers Bangalore,1,7,1,0,1,1,1,100,9
2023,Lockie Ferguson,BOW,10,Kolkata Knight Riders,1,3,-,-,-,-,-,-,1
2022,Lockie Ferguson,BOW,10,Gujarat Titans,1,13,3,1,5,2.5,4,125,12
2021,Lockie Ferguson,BOW,1.6,Kolkata Knight Riders,1,8,3,3,18,-,11,163.63,13
2020,Lockie Ferguson,BOW,1.6,Kolkata Knight Riders,1,5,2,2,43,-,29,148.27,6
2021,Lukman Meriwala,BOW,0.2,Delhi Capitals ,,1,0,0,0,0,0,0,1
2024,Lungi Ngidi,BOW,0.5,Delhi Capitals,1,0,0,0,0,0,0,0,0
2023,Lungi Ngidi,BOW,0.5, Delhi Capitals,1,0,0,0,0,0,0,0,0
2022,Lungi Ngidi,BOW,0.5,Delhi Capitals ,1,0,0,0,0,0,0,0,0
2021,Lungi Ngidi,BOW,0.5,Chennai Super Kings,1,3,-,-,-,-,-,-,5
2020,Lungi Ngidi,BOW,0.5,Chennai Super Kings,1,4,-,-,-,-,-,-,9
2022,Luvnith Sisodia,BAT/WK,0.2,Royal Challengers Bangalore,0,0,0,0,0,0,0,0,0
2023,M Ashwin,BOW,1.6,Rajasthan Royals,,2,-,-,-,-,-,-,0
2024,M Shahrukh Khan,AR,7.4,Gujarat Titans,,7,7,0,127,18.14,75,169.33,0
2020,M Sidharth,BOW,0.2,Kolkata Knight Riders,,0,0,0,0,0,0,0,0
2020,M Vijay,BAT,2,Chennai Super Kings,,3,3,0,32,10.66,43,74.41,0
2024,Maheesh Theekshana,BOW,0.7,Chennai Super Kings,1,5,-,-,-,-,-,-,2
2023,Maheesh Theekshana,BOW,0.7,Chennai Super Kings,1,13,-,-,-,-,-,-,11
2022,Maheesh Theekshana,BOW,0.7,Chennai Super Kings,1,9,2,1,7,7,7,100,12
2024,Mahipal Lomror,AR,0.95,Royal Challengers Bangalore,,10,10,2,125,15.62,68,183.82,0
2023,Mahipal Lomror,AR,0.95,Royal Challengers Bangalore,,12,10,2,135,16.87,97,139.17,0
2022,Mahipal Lomror,AR,0.95,Royal Challengers Bangalore,,7,5,0,86,17.2,57,150.87,0
2021,Mahipal Lomror,AR,0.2,Rajasthan Royals,,4,4,1,94,31.33,73,128.76,1
2020,Mahipal Lomror,AR,0.2,Rajasthan Royals,,3,3,0,59,19.66,54,109.25,0
2023,Manan Vohra,BAT,0.2,Lucknow Super Giants,,1,1,0,10,10,11,90.9,0
2022,Manan Vohra,BAT,0.2,Lucknow Super Giants,,2,1,0,19,19,11,172.72,0
2021,Manan Vohra,BAT,0.2,Rajasthan Royals,,4,4,0,42,10.5,39,107.69,0
2020,Manan Vohra,BAT,0.2,Rajasthan Royals,,0,0,0,0,0,0,0,0
2024,Manav Suthar,BOW,0.2,Gujarat Titans,,1,1,0,1,1,2,50,0
2023,Mandeep Singh,BAT,0.5,Kolkata Knight Riders,,3,3,0,14,4.66,16,87.5,0
2022,Mandeep Singh,BAT,1.1,Delhi Capitals ,,3,3,0,18,6,23,78.26,0
2021,Mandeep Singh,BAT,1.4,Punjab Kings,,1,1,0,15,15,14,107.14,0
2020,Mandeep Singh,BAT,1.4,Punjab Kings,,7,7,1,130,21.66,109,119.26,0
2021,Manimaran Siddharth,BOW,0.2,Delhi Capitals ,,0,0,0,0,0,0,0,0
2024,Manimaran Sidharth,BOW,2.4,Lucknow Super Giants,,3,-,-,-,-,-,-,1
2024,Manish Pandey,BAT,0.5,Kolkata Knight Riders,,1,1,0,42,42,31,135.48,0
2023,Manish Pandey,BAT,2.4, Delhi Capitals,,10,9,0,160,17.77,146,109.58,0
2022,Manish Pandey,BAT,4.6,Lucknow Super Giants,,6,6,0,88,14.66,80,110,0
2021,Manish Pandey,BAT,11,Sunrisers Hyderabad,,8,8,2,292,48.66,236,123.72,0
2020,Manish Pandey,BAT,11,Sunrisers Hyderabad,,16,15,2,425,32.69,333,127.62,0
2024,Manoj Bhandage,AR,0.2,Royal Challengers Bangalore,,0,0,0,0,0,0,0,0
2023,Manoj Bhandage,AR,0.2,Royal Challengers Bangalore,,0,0,0,0,0,0,0,0
2024,Marco Jansen,AR,4.2,Sunrisers Hyderabad,1,3,2,1,18,18,13,138.46,1
2023,Marco Jansen,AR,4.2,Sunrisers Hyderabad,1,8,6,3,39,13,43,90.69,10
2022,Marco Jansen,AR,4.2,Sunrisers Hyderabad,1,8,3,2,9,9,7,128.57,7
2021,Marco Jansen,AR,0.2,Mumbai Indians,1,2,2,0,0,0,3,0,2
2024,Marcus Stoinis,AR,10,Lucknow Super Giants,1,14,14,2,388,32.33,263,147.52,4
2023,Marcus Stoinis,AR,10,Lucknow Super Giants,1,15,15,2,408,31.38,272,150,5
2022,Marcus Stoinis,AR,9.2,Lucknow Super Giants,1,11,10,2,156,19.5,106,147.16,4
2021,Marcus Stoinis,AR,4.8,Delhi Capitals ,1,10,7,3,89,22.25,72,123.61,2
2020,Marcus Stoinis,AR,4.8,Delhi Capitals ,1,17,17,3,352,25.14,237,148.52,13
2024,Mark Wood,BOW,7.5,Lucknow Super Giants,1,0,0,0,0,0,0,0,0
2023,Mark Wood,BOW,7.5,Lucknow Super Giants,1,4,2,1,11,11,5,220,11
2022,Mark Wood,BOW,7.5,Lucknow Super Giants,1,0,0,0,0,0,0,0,0
2024,Matheesha Pathirana,BOW,0.2,Chennai Super Kings,1,6,-,-,-,-,-,-,13
2023,Matheesha Pathirana,BOW,0.2,Chennai Super Kings,1,12,-,-,-,-,-,-,19
2024,Matthew Wade,BAT/WK,2.4,Gujarat Titans,1,2,1,0,4,4,6,66.66,0
2023,Matthew Wade,BAT/WK,2.4,Gujarat Titans,1,0,0,0,0,0,0,0,0
2022,Matthew Wade,BAT/WK,2.4,Gujarat Titans,1,10,10,0,157,15.7,138,113.76,0
2024,Mayank Agarwal,BAT,8.25,Sunrisers Hyderabad,,4,4,0,64,16,57,112.28,0
2023,Mayank Agarwal,BAT,8.25,Sunrisers Hyderabad,,10,10,0,270,27,210,128.57,0
2022,Mayank Agarwal,BAT,12,Punjab Kings,,13,12,0,196,16.33,160,122.5,0
2021,Mayank Agarwal,BAT,1,Punjab Kings,,12,12,1,441,40.09,314,140.44,0
2020,Mayank Agarwal,BAT,1,Punjab Kings,,11,11,0,424,38.54,271,156.45,0
2024,Mayank Dagar,AR,1.8,Royal Challengers Bangalore,,5,1,0,0,0,1,0,1
2023,Mayank Dagar,AR,1.8,Sunrisers Hyderabad,,3,-,-,-,-,-,-,1
2024,Mayank Markande,BOW,0.5,Sunrisers Hyderabad,,7,-,-,-,-,-,-,8
2023,Mayank Markande,BOW,0.5,Sunrisers Hyderabad,,10,3,3,21,-,13,161.53,12
2022,Mayank Markande,BOW,0.65,Mumbai Indians,,2,-,-,-,-,-,,1
2021,Mayank Markande,BOW,2,Rajasthan Royals,,1,-,-,-,-,-,-,0
2020,Mayank Markande,BOW,2,Rajasthan Royals,,0,0,0,0,0,0,0,0
2024,Mayank Yadav,BOW,0.2,Lucknow Super Giants,,4,-,-,-,-,-,-,7
2023,Mayank Yadav,BOW,0.2,Lucknow Super Giants,,0,0,0,0,0,0,0,0
2022,Mayank Yadav,BOW,0.2,Lucknow Super Giants,,0,0,0,0,0,0,0,0
2024,Mitchell Marsh,AR,6.5,Delhi Capitals,1,4,4,0,61,15.25,38,160.52,1
2023,Mitchell Marsh,AR,6.5, Delhi Capitals,1,9,9,0,128,14.22,97,131.95,12
2022,Mitchell Marsh,AR,6.5,Delhi Capitals ,1,8,8,0,251,31.37,189,132.8,4
2021,Mitchell Marsh,AR,2,Sunrisers Hyderabad,1,0,0,0,0,0,0,0,0
2020,Mitchell Marsh,AR,2,Sunrisers Hyderabad,1,1,1,0,0,0,1,0,0
2020,Mitchell McClenaghan,BOW,1,Mumbai Indians,1,0,0,0,0,0,0,0,0
2024,Mitchell Santner,AR,1.9,Chennai Super Kings,1,3,3,0,14,4.66,17,82.35,2
2023,Mitchell Santner,AR,1.9,Chennai Super Kings,1,3,2,2,2,-,4,50,3
2022,Mitchell Santner,AR,1.9,Chennai Super Kings,1,6,4,2,22,11,27,81.48,4
2021,Mitchell Santner,AR,0.5,Chennai Super Kings,1,0,0,0,0,0,0,0,0
2020,Mitchell Santner,AR,0.5,Chennai Super Kings,1,2,0,0,0,0,0,0,2
2024,Mitchell Starc,BOW,24.75,Kolkata Knight Riders,1,14,5,3,9,4.5,11,81.81,17
2024,Moeen Ali,AR,8,Chennai Super Kings,1,8,5,0,128,25.6,98,130.61,2
2023,Moeen Ali,AR,8,Chennai Super Kings,1,15,10,3,124,17.71,91,136.26,9
2022,Moeen Ali,BAT,8,Chennai Super Kings,1,10,10,0,244,24.4,177,137.85,8
2021,Moeen Ali,AR,7,Chennai Super Kings,1,15,15,1,357,25.5,260,137.3,6
2020,Moeen Ali,AR,1.7,Royal Challengers Bangalore,1,3,3,0,12,4,16,75,1
2024,Mohammad Nabi,AR,1.5,Mumbai Indians,1,7,5,1,35,8.75,31,112.9,2
2022,Mohammad Nabi,AR,1,Kolkata Knight Riders,1,0,0,0,0,0,0,0,0
2021,Mohammad Nabi,AR,1,Sunrisers Hyderabad,1,3,3,0,34,11.33,20,170,2
2020,Mohammad Nabi,AR,1,Sunrisers Hyderabad,1,1,1,1,11,-,8,137.5,0
2021,Mohammed Azharuddeen,BAT/WK,0.2,Royal Challengers Bangalore,,0,0,0,0,0,0,0,0
2024,Mohammed Shami,BOW,6.25,Gujarat Titans,,0,0,0,0,0,0,0,0
2023,Mohammed Shami,BOW,6.25,Gujarat Titans,,17,2,0,5,2.5,6,83.33,28
2022,Mohammed Shami,BOW,6.25,Gujarat Titans,,16,-,-,-,-,-,-,20
2021,Mohammed Shami,BOW,4.8,Punjab Kings,,14,4,3,13,13,17,76.47,19
2020,Mohammed Shami,BOW,4.8,Punjab Kings,,14,3,2,2,2,3,66.66,20
2024,Mohammed Siraj,BOW,7,Royal Challengers Bangalore,,14,3,1,12,6,8,150,15
2023,Mohammed Siraj,BOW,7,Royal Challengers Bangalore,,14,2,1,1,1,2,50,19
2022,Mohammed Siraj,BOW,7,Royal Challengers Bangalore,,15,5,3,30,15,33,90.9,9
2021,Mohammed Siraj,BOW,2.6,Royal Challengers Bangalore,,15,4,3,20,20,26,76.92,11
2020,Mohammed Siraj,BOW,2.6,Royal Challengers Bangalore,,9,3,2,17,17,14,121.42,11
2023,Mohit Rathee,AR,0.2,Punjab Kings,,1,1,1,1,-,2,50,0
2024,Mohit Sharma,BOW,0.5,Gujarat Titans,,12,3,1,2,1,15,13.33,13
2023,Mohit Sharma,BOW,0.5,Gujarat Titans,,14,1,1,0,-,1,0,27
2020,Mohit Sharma,BOW,0.5,Delhi Capitals ,,1,-,-,-,-,-,-,1
2024,Mohsin Khan,BOW,0.2,Lucknow Super Giants,,10,1,0,2,2,1,200,10
2023,Mohsin Khan,BOW,0.2,Lucknow Super Giants,,5,1,0,0,0,7,0,3
2022,Mohsin Khan,BOW,0.2,Lucknow Super Giants,,9,3,2,23,23,16,143.75,14
2021,Mohsin Khan,BOW,0.2,Mumbai Indians,,0,0,0,0,0,0,0,0
2020,Mohsin Khan,BOW,0.2,Mumbai Indians,,0,0,0,0,0,0,0,0
2021,Moises Henriques,AR,4.2,Punjab Kings,1,5,4,2,31,15.5,32,96.87,4
2020,Monu Kumar,BOW,0.2,Chennai Super Kings,,1,-,-,-,-,-,-,0
2024,MS Dhoni,BAT/WK,12,Chennai Super Kings,,14,11,8,161,53.66,73,220.54,0
2023,MS Dhoni,BAT/WK,12,Chennai Super Kings,,16,12,8,104,26,57,182.45,0
2022,MS Dhoni,BAT/WK,12,Chennai Super Kings,,14,13,6,232,33.14,188,123.4,0
2021,MS Dhoni,BAT/WK,15,Chennai Super Kings,,16,11,4,114,16.28,107,106.54,0
2020,MS Dhoni,BAT/WK,15,Chennai Super Kings,,14,12,4,200,25,172,116.27,0
2024,Mujeeb Ur Rahman,BOW,2,Kolkata Knight Riders,1,0,0,0,0,0,0,0,0
2021,Mujeeb Ur Rahman,BOW,1.5,Sunrisers Hyderabad,1,1,1,1,1,-,1,100,2
2020,Mujeeb Ur Rahman,BOW,4,Punjab Kings,1,2,1,0,1,1,3,33.33,0
2023,Mukesh Choudhary,BOW,0.2,Chennai Super Kings,,0,0,0,0,0,0,0,0
2022,Mukesh Choudhary,BOW,0.2,Chennai Super Kings,,13,2,1,6,6,6,100,16
2024,Mukesh Choudhary,BOW,0.2,Chennai Super Kings,,1,-,-,-,-,-,-,0
2024,Mukesh Kumar,BOW,5.5,Delhi Capitals,,10,2,1,3,3,9,33.33,17
2023,Mukesh Kumar,BOW,5.5, Delhi Capitals,,10,3,3,7,-,9,77.77,7
2023,Murugan Ashwin,BOW,0.2,Rajasthan Royals,,2,-,-,-,-,-,-,0
2021,Murugan Ashwin,BOW,0.2,Punjab Kings,,3,2,0,15,7.5,24,62.5,1
2020,Murugan Ashwin,BOW,0.2,Punjab Kings,,9,1,0,4,4,4,100,10
2024,Mustafizur Rahman,BOW,2,Chennai Super Kings,1,9,-,-,-,-,-,-,14
2023,Mustafizur Rahman,BOW,2, Delhi Capitals,1,2,1,1,1,-,1,100,1
2022,Mustafizur Rahman,BOW,2,Delhi Capitals ,1,8,1,1,3,-,5,60,8
2021,Mustafizur Rahman,BOW,1,Rajasthan Royals,1,14,5,5,8,-,14,57.14,14
2023,Abishek Porel,BAT/WK,0.2,Delhi Capitals,,4,4,0,33,8.25,31,106.45,
2021,Adil Rashid,BOW,1.5,Punjab Kings,1,1,0,0,0,0,0,0,0
2023,Akash Singh,BOW,0.2,Chennai Super Kings,,6,,,0,0,0,0,5
2022,Andrew Tye,BOW,1,Lucknow Super Giants,1,3,0,0,0,0,0,0,2
2020,Anrich Nortje,BOW,0.5,Delhi Capitals ,1,16,5,4,7,7,6,116.66,22
2023,Chris Jordan,AR,3,Mumbai Indians,1,6,2,0,6,3,12,50,3
2020,Daniel Sams,AR,0.2,Delhi Capitals,1,3,1,0,0,0,2,0,0
2021,Evin Lewis,BAT,2,Lucknow Super Giants,1,5,5,0,151,30.2,93,162.36,0
2021,Glenn Phillips,BAT/WK,1.5,Sunrisers Hyderabad,1,3,3,1,26,13,33,78.78,1
2024,Harpreet Bhatia,BAT,0.4,Punjab Kings,,2,2,0,27,13.5,34,79.41,0
2022,Harshit Rana,BOW,0.2,Kolkata Knight Riders,,2,2,1,2,2,2,100,1
2020,Jason Holder,AR,0.75,Sunrisers Hyderabad,1,7,4,2,66,33,53,124.52,14
2021,Jason Roy,BAT,1.5,Sunrisers Hyderabad,1,5,5,0,150,30,121,123.96,0
2023,K Gowtham,AR,0.5,Lucknow Super Giants,,7,7,3,61,15.25,37,164.86,3
2023,Karn Sharma,BOW,0.5,Royal Challengers Bangalore,,7,2,0,3,1.5,5,60,10
2020,Karn Sharma,BOW,0.5,Royal Challengers Bangalore,,5,-,-,-,-,-,-,5
2023,Kedar Jadhav,AR,2,Royal Challengers Bangalore,,2,1,1,12,-,10,120,0
2023,Krishnappa Gowtham,AR,0.9,Lucknow Super Giants,,7,7,3,61,15.25,37,164.86,3
2022,Krishnappa Gowtham,AR,0.9,Lucknow Super Giants,,4,1,0,0,0,1,0,5
2020,Krishnappa Gowtham,AR,0.9,Lucknow Super Giants,,2,2,1,42,42,27,155.55,1
2022,M Ashwin,BOW,1.6,Mumbai Indians,,8,5,2,12,4,14,85.71,9
2021,M Ashwin,BOW,1,Punjab Kings,,3,2,0,15,7.5,24,62.5,1
2020,M Ashwin,BOW,1,Punjab Kings,,9,1,0,4,4,4,100,10
2023,M Shahrukh Khan,AR,9,Punjab Kings,,14,13,6,156,22.28,94,165.95,0
2022,M Shahrukh Khan,AR,9,Punjab Kings,,8,8,1,117,16.71,108,108.33,0
2021,M Shahrukh Khan,AR,5.25,Punjab Kings,,11,10,3,153,21.85,114,134.21,0
2021,M Sidharth,BOW,0.2,Kolkata Knight Riders,,3,-,-,-,-,-,-,1
2022,Matheesha Pathirana,BOW,0.2,Chennai Super Kings,1,2,-,-,-,-,-,-,2
2022,Murugan Ashwin,BOW,0.2,Mumbai Indians,,8,5,2,12,4,14,85.71,9
2021,Aiden Markram,BAT,2.6,Sunrisers Hyderabad,1,6,6,1,146,29.2,119,122.68,0
2023,N Jagadeesan,BAT/WK,0.9,Kolkata Knight Riders,,6,6,0,89,14.83,81,109.87,0
2022,N Jagadeesan,BAT/WK,0.2,Chennai Super Kings,,2,2,1,40,40,37,108.1,0
2020,N Jagadeesan,BAT/WK,0.2,Chennai Super Kings,,5,2,0,33,16.5,29,113.79,0
2024,Naman Dhir,AR,0.2,Mumbai Indians,,7,7,1,140,23.33,79,177.21,0
2024,Nandre Burger,BOW,0.5,Rajasthan Royals,1,6,-,-,-,-,-,-,7
2022,Nathan Coulter-Nile,BOW,2,Rajasthan Royals,1,1,1,1,1,-,2,50,0
2021,Nathan Coulter-Nile,BOW,5,Mumbai Indians,1,5,2,0,4,2,5,80,7
2020,Nathan Coulter-Nile,BOW,8,Mumbai Indians,1,7,2,1,25,25,15,166.66,5
2024,Nathan Ellis,BOW,0.75,Punjab Kings,1,1,-,-,-,-,-,-,1
2023,Nathan Ellis,BOW,0.75,Punjab Kings,1,10,2,0,1,0.5,7,14.28,13
2022,Nathan Ellis,BOW,0.75,Punjab Kings,1,2,1,0,0,0,2,0,3
2022,Nathan Ellis,BOW,0.75,Punjab Kings,1,3,2,1,18,18,16,112.5,1
2024,Navdeep Saini,BOW,2.6,Rajasthan Royals,,0,0,0,0,0,0,0,0
2023,Navdeep Saini,BOW,2.6,Rajasthan Royals,,2,-,-,-,-,-,-,3
2022,Navdeep Saini,BOW,2.6,Rajasthan Royals,,2,1,0,2,2,2,100,3
2021,Navdeep Saini,BOW,3,Royal Challengers Bangalore,,2,1,0,2,2,4,50,0
2020,Navdeep Saini,BOW,3,Royal Challengers Bangalore,,13,3,2,27,27,27,100,6
2024,Naveen-ul-Haq,BOW,0.5,Lucknow Super Giants,1,10,3,3,2,-,4,50,14
2023,Naveen-ul-Haq,BOW,0.5,Lucknow Super Giants,1,8,3,2,16,16,21,76.19,11
2024,Nehal Wadhera,AR,0.2,Mumbai Indians,,6,6,0,109,18.16,84,129.76,0
2023,Nehal Wadhera,AR,0.2,Mumbai Indians,,14,10,1,241,26.77,166,145.18,0
2024,Nicholas Pooran,BAT/WK,16,Lucknow Super Giants,1,14,14,6,499,62.37,280,178.21,0
2023,Nicholas Pooran,BAT/WK,16,Lucknow Super Giants,1,15,15,3,358,29.83,207,172.94,0
2022,Nicholas Pooran,BAT/WK,10.75,Sunrisers Hyderabad,1,14,13,5,306,38.25,212,144.33,0
2021,Nicholas Pooran,BAT/WK,4.2,Punjab Kings,1,12,11,0,85,7.72,76,111.84,0
2020,Nicholas Pooran,BAT/WK,4.2,Punjab Kings,1,14,14,4,353,35.3,208,169.71,0
2020,Nikhil Naik,BAT/WK,0.2,Kolkata Knight Riders,,1,1,0,1,1,3,33.33,0
2024,Nishant Sindhu,AR,0.6,Chennai Super Kings,,0,0,0,0,0,0,0,0
2023,Nishant Sindhu,AR,0.6,Chennai Super Kings,,0,0,0,0,0,0,0,0
2024,Nitish Kumar Reddy,BAT/WK,0.2,Sunrisers Hyderabad,,13,11,2,303,33.66,212,142.92,3
2023,Nitish Kumar Reddy,BAT/WK,0.2,Sunrisers Hyderabad,,2,-,-,-,-,-,-,0
2024,Nitish Rana,AR,8,Kolkata Knight Riders,,2,2,0,42,21,34,123.52,0
2023,Nitish Rana,AR,8,Kolkata Knight Riders,,14,14,1,413,31.76,293,140.95,3
2022,Nitish Rana,AR,8,Kolkata Knight Riders,,14,14,1,361,27.76,251,143.82,0
2021,Nitish Rana,AR,3.4,Kolkata Knight Riders,,17,16,3,383,29.46,314,121.97,0
2020,Nitish Rana,AR,3.4,Kolkata Knight Riders,,14,14,0,352,25.14,254,138.58,0
2024,Noor Ahmad,BOW,0.3,Gujarat Titans,1,10,4,2,5,2.5,9,55.55,8
2023,Noor Ahmad,BOW,0.3,Gujarat Titans,1,13,3,1,8,4,9,88.88,16
2022,Noor Ahmad,BOW,0.3,Gujarat Titans,1,0,0,0,0,0,0,0,0
2024,Nuwan Thushara,BOW,4.8,Mumbai Indians,1,7,-,-,-,-,-,-,8
2023,Obed McCoy,BOW,0.75,Rajasthan Royals,1,1,-,-,-,-,-,-,0
2022,Obed McCoy,BOW,0.75,Rajasthan Royals,1,7,1,0,8,8,5,160,11
2023,Odean Smith,AR,0.5,Gujarat Titans,1,0,0,0,0,0,0,0,0
2022,Odean Smith,AR,6,Punjab Kings,1,6,6,3,51,17,44,115.9,6
2020,Oshane Thomas,BOW,0.5,Rajasthan Royals,1,0,0,0,0,0,0,0,0
2020,Parthiv Patel,BAT/WK,1.7,Royal Challengers Bangalore,,0,0,0,0,0,0,0,0
2024,Pat Cummins,AR,20.5,Sunrisers Hyderabad,1,16,10,4,136,22.66,95,143.15,18
2022,Pat Cummins,AR,7.25,Kolkata Knight Riders,1,5,5,1,63,15.75,24,262.5,7
2021,Pat Cummins,BOW,15.5,Kolkata Knight Riders,1,7,5,2,93,31,56,166.07,9
2020,Pat Cummins,AR,15.5,Kolkata Knight Riders,1,14,11,4,146,20.85,114,128.07,12
2021,Pavan Deshpande,AR,0.2,Royal Challengers Bangalore,0,0,0,0,0,0,0,0,0
2020,Pavan Deshpande,AR,0.2,Royal Challengers Bangalore,,0,0,0,0,0,0,0,0
2021,Pawan Negi,AR,0.5,Kolkata Knight Riders,,0,0,0,0,0,0,0,0
2020,Pawan Negi,AR,1,Royal Challengers Bangalore,,0,0,0,0,0,0,0,0
2024,Phil Salt,BAT/WK,2,Kolkata Knight Riders,1,12,12,1,435,39.54,239,182,0
2023,Phil Salt,BAT/WK,2,Delhi Capitals,1,9,9,1,218,27.25,133,163.9,0
2024,Piyush Chawla,BOW,0.5,Mumbai Indians,,11,6,2,15,3.75,15,100,13
2023,Piyush Chawla,BOW,0.5,Mumbai Indians,,16,4,2,25,12.5,22,113.63,22
2021,Piyush Chawla,BOW,2.4,Mumbai Indians,,1,1,0,0,0,2,0,1
2020,Piyush Chawla,BOW,6.75,Chennai Super Kings,,7,-,-,-,-,-,-,6
2024,Prabhsimran Singh,BAT/WK,0.6,Punjab Kings,,14,14,0,334,23.85,213,156.8,0
2023,Prabhsimran Singh,BAT/WK,0.6,Punjab Kings,,14,14,0,358,25.57,238,150.42,0
2022,Prabhsimran Singh,BAT/WK,0.6,Punjab Kings,,1,1,0,14,14,11,127.27,0
2021,Prabhsimran Singh,BAT/WK,0.55,Punjab Kings,,2,2,0,19,9.5,23,82.6,0
2020,Prabhsimran Singh,BAT/WK,0.55,Punjab Kings,,2,2,0,15,7.5,15,100,0
2023,Pradeep Sangwan,AR,0.2,Gujarat Titans,,0,0,0,0,0,0,0,0
2022,Pradeep Sangwan,AR,0.2,Gujarat Titans,,3,1,0,2,2,5,40,3
2024,Prashant Solanki,BOW,1.2,Chennai Super Kings,,0,0,0,0,0,0,0,0
2023,Prashant Solanki,BOW,1.2,Chennai Super Kings,,0,0,0,0,0,0,0,0
2022,Prashant Solanki,BOW,1.2,Chennai Super Kings,,0,0,0,0,0,0,0,2
2024,Prasidh Krishna,BOW,10,Rajasthan Royals,,0,0,0,0,0,0,0,0
2023,Prasidh Krishna,BOW,10,Rajasthan Royals,,0,0,0,0,0,0,0,0
2022,Prasidh Krishna,BOW,10,Rajasthan Royals,,17,3,2,6,6,12,50,19
2021,Prasidh Krishna,BOW,0.2,Kolkata Knight Riders,,10,2,1,0,0,1,0,12
2020,Prasidh Krishna,BOW,0.2,Kolkata Knight Riders,,6,2,2,2,-,4,50,4
2022,Pratham Singh,BAT,0.2,Kolkata Knight Riders,,0,0,0,0,0,0,0,0
2024,Praveen Dubey,AR,0.5,Delhi Capitals,,0,0,0,0,0,0,0,0
2023,Praveen Dubey,AR,0.5, Delhi Capitals,,1,1,0,16,16,20,80,1
2022,Praveen Dubey,AR,0.5,Delhi Capitals ,,0,0,0,0,0,0,0,0
2021,Praveen Dubey,AR,0.2,Delhi Capitals ,,3,1,1,7,-,13,53.84,0
2020,Pravin Tambe,BOW,0.2,Kolkata Knight Riders,,0,0,0,0,0,0,0,0
2024,Prerak Mankad,AR,0.2,Lucknow Super Giants,,0,0,0,0,0,0,0,0
2023,Prerak Mankad,AR,0.2,Lucknow Super Giants,,5,5,2,93,31,72,129.16,0
2022,Prerak Mankad,AR,0.2,Punjab Kings,,1,1,1,4,-,1,400,0
2020,Prince Balwant Rai Singh,AR,0.2,Mumbai Indians,,0,0,0,0,0,0,0,0
2024,Prince Choudhary,BOW,0.2,Punjab Kings,,0,0,0,0,0,0,0,0
2024,Prithvi Shaw,BAT,8,Delhi Capitals,,8,8,0,198,24.75,121,163.63,0
2023,Prithvi Shaw,BAT,8, Delhi Capitals,,8,8,0,106,13.25,85,124.7,0
2022,Prithvi Shaw,BAT,7.5,Delhi Capitals ,,10,10,0,283,28.3,185,152.97,0
2021,Prithvi Shaw,BAT,1.2,Delhi Capitals ,,15,15,0,479,31.93,301,159.13,0
2020,Prithvi Shaw,BAT,1.2,Delhi Capitals ,,13,13,0,228,17.53,167,136.52,0
2023,Priyam Garg,BAT,0.2,Delhi Capitals,,2,2,0,22,11,23,95.65,0
2022,Priyam Garg,BAT,0.2,Sunrisers Hyderabad,,2,2,0,46,23,33,139.39,0
2021,Priyam Garg,BAT,1.9,Sunrisers Hyderabad,,5,5,0,72,14.4,74,97.29,0
2020,Priyam Garg,BAT,1.9,Sunrisers Hyderabad,,14,10,1,133,14.77,111,119.81,0
2024,Quinton de Kock,BAT/WK,6.75,Lucknow Super Giants,1,11,11,0,250,22.72,186,134.4,0
2023,Quinton de Kock,BAT/WK,6.75,Lucknow Super Giants,1,4,4,0,143,35.75,102,140.19,0
2022,Quinton de Kock,BAT/WK,6.75,Lucknow Super Giants,1,15,15,1,508,36.28,341,148.97,0
2021,Quinton de Kock,BAT/WK,2.8,Mumbai Indians,1,11,11,1,297,29.7,256,116.01,0
2020,Quinton de Kock,BAT/WK,2.8,Mumbai Indians,1,16,16,2,503,35.92,358,140.5,0
2024,R Ashwin,AR,5,Rajasthan Royals,,15,9,3,86,14.33,74,116.21,9
2023,R Ashwin,AR,5,Rajasthan Royals,,13,10,4,67,11.16,51,131.37,14
2022,R Ashwin,AR,5,Rajasthan Royals,,17,12,5,191,27.28,135,141.48,12
2021,R Ashwin,AR,7.6,Delhi Capitals ,,13,5,2,44,14.66,42,104.76,7
2020,R Ashwin,AR,7.6,Delhi Capitals ,,15,6,3,37,12.33,34,108.82,13
2024,R Sai Kishore,BOW,3,Gujarat Titans,,5,2,1,13,13,6,216.66,7
2023,R Sai Kishore,BOW,3,Gujarat Titans,,0,0,0,0,0,0,0,0
2022,R Sai Kishore,BOW,3,Gujarat Titans,,5,-,-,-,-,-,-,6
2021,R Sai Kishore,BOW,0.2,Chennai Super Kings,,0,0,0,0,0,0,0,0
2022,R Samarth,BAT,0.2,Sunrisers Hyderabad,,0,0,0,0,0,0,0,0
2024,Rachin Ravindra,AR,1.8,Chennai Super Kings,1,10,10,0,222,22.2,138,160.86,0
2023,Raghav Goyal,BOW,0.2,Mumbai Indians,,1,0,0,0,0,0,0,0
2024,Rahmanullah Gurbaz,BAT/WK,0.5,Kolkata Knight Riders,1,3,2,0,62,31,46,134.78,0
2023,Rahmanullah Gurbaz,BAT/WK,0.5,Kolkata Knight Riders,1,11,11,0,227,20.63,170,133.52,0
2022,Rahul Buddhi,BAT,0.2,Mumbai Indians,,0,0,0,0,0,0,0,0
2024,Rahul Chahar,BOW,5.25,Punjab Kings,,9,2,1,21,21,15,140,10
2023,Rahul Chahar,BOW,5.25,Punjab Kings,,14,3,1,0,0,9,0,8
2022,Rahul Chahar,BOW,5.25,Punjab Kings,,13,8,2,77,12.83,68,113.23,14
2021,Rahul Chahar,BOW,1.9,Mumbai Indians,,11,5,0,14,2.8,15,93.33,13
2020,Rahul Chahar,BOW,1.9,Mumbai Indians,,15,1,1,2,-,4,50,15
2024,Rahul Tewatia,AR,9,Gujarat Titans,,12,9,2,188,26.85,129,145.73,0
2023,Rahul Tewatia,AR,9,Gujarat Titans,,17,10,6,87,21.75,57,152.63,0
2022,Rahul Tewatia,AR,9,Gujarat Titans,,16,12,5,217,31,147,147.61,0
2021,Rahul Tewatia,BAT,3,Rajasthan Royals,,14,11,1,155,15.5,147,105.44,8
2020,Rahul Tewatia,BAT,3,Rajasthan Royals,,14,11,5,255,42.5,183,139.34,10
2024,Rahul Tripathi,BAT,8.5,Sunrisers Hyderabad,,6,6,0,165,27.5,115,143.47,0
2023,Rahul Tripathi,BAT,8.5,Sunrisers Hyderabad,,13,13,1,273,22.75,213,128.16,0
2022,Rahul Tripathi,BAT,8.5,Sunrisers Hyderabad,,14,14,3,413,37.54,261,158.23,0
2021,Rahul Tripathi,BAT,0.6,Kolkata Knight Riders,,17,16,2,397,28.35,283,140.28,0
2020,Rahul Tripathi,BAT,0.6,Kolkata Knight Riders,,11,11,1,230,23,181,127.07,0
2023,Raj Angad Bawa,AR,2,Punjab Kings,,0,0,0,0,0,0,0,0
2022,Raj Angad Bawa,AR,2,Punjab Kings,,2,2,0,11,5.5,14,78.57,0
2024,Rajan Kumar,BOW,0.7,Royal Challengers Bangalore,,0,0,0,0,0,0,0,0
2023,Rajan Kumar,BOW,0.7,Royal Challengers Bangalore,,0,0,0,0,0,0,0,0
2024,Rajat Patidar,BAT,0.2,Royal Challengers Bangalore,,15,13,0,395,30.38,223,177.13,0
2022,Rajat Patidar,BAT,0.2,Royal Challengers Bangalore,,8,7,1,333,55.5,218,152.75,0
2021,Rajat Patidar,BAT,0.2,Royal Challengers Bangalore,,4,4,0,71,17.75,62,114.51,0
2024,Rajvardhan Hangargekar,AR,1.5,Chennai Super Kings,,0,0,0,0,0,0,0,0
2023,Rajvardhan Hangargekar,AR,1.5,Chennai Super Kings,,2,0,0,0,0,0,0,3
2022,Rajvardhan Hangargekar,AR,1.5,Chennai Super Kings,,0,0,0,0,0,0,0,0
2024,Ramandeep Singh,AR,0.2,Kolkata Knight Riders,,15,9,5,125,31.25,62,201.61,0
2023,Ramandeep Singh,AR,0.2,Mumbai Indians,,0,0,0,0,0,0,0,0
2022,Ramandeep Singh,AR,0.2,Mumbai Indians,,5,4,2,45,22.5,40,112.5,6
2022,Ramesh Kumar,BAT,0.2,Kolkata Knight Riders,,0,0,0,0,0,0,0,0
2024,Rashid Khan,BOW,15,Gujarat Titans,1,12,8,3,102,20.4,71,143.66,10
2023,Rashid Khan,BOW,15,Gujarat Titans,1,17,9,5,130,32.5,60,216.66,27
2022,Rashid Khan,BOW,15,Gujarat Titans,1,16,8,4,91,22.75,44,206.81,19
2021,Rashid Khan,BOW,9,Sunrisers Hyderabad,1,14,10,2,83,10.37,69,120.28,18
2020,Rashid Khan,BOW,9,Sunrisers Hyderabad,1,16,7,3,35,8.75,30,116.66,20
2024,Rasikh Salam,BOW,0.2,Delhi Capitals,,8,4,0,28,7,30,93.33,9
2022,Rasikh Salam,BOW,0.2,Kolkata Knight Riders,,2,1,0,7,7,6,116.66,0
2022,Rassie van der Dussen,BAT,1,Rajasthan Royals,1,3,3,1,22,11,24,91.66,0
2024,Ravi Bishnoi,BOW,4,Lucknow Super Giants,,14,3,0,4,1.33,6,66.66,10
2023,Ravi Bishnoi,BOW,4,Lucknow Super Giants,,15,7,4,20,6.66,27,74.07,16
2022,Ravi Bishnoi,BOW,4,Lucknow Super Giants,,14,1,1,0,-,1,0,13
2021,Ravi Bishnoi,BOW,2,Punjab Kings,,9,1,0,1,1,4,25,12
2020,Ravi Bishnoi,BOW,2,Punjab Kings,,14,3,2,7,7,12,58.33,12
2024,Ravindra Jadeja,AR,16,Chennai Super Kings,,14,11,5,267,44.5,187,142.78,8
2023,Ravindra Jadeja,AR,16,Chennai Super Kings,,16,12,4,190,23.75,133,142.85,20
2022,Ravindra Jadeja,AR,16,Chennai Super Kings,,10,10,4,116,19.33,98,118.36,5
2021,Ravindra Jadeja,AR,7,Chennai Super Kings,,16,12,9,227,75.66,156,145.51,13
2020,Ravindra Jadeja,AR,7,Chennai Super Kings,,14,11,6,232,46.4,135,171.85,6
2024,Ravisrinivasan Sai Kishore,BOW,0.2,Gujarat Titans,,5,2,1,13,13,6,216.66,7
2022,Ravisrinivasan Sai Kishore,BOW,0.2,Gujarat Titans,,5,0,0,0,0,0,0,6
2024,Reece Topley,BOW,1.9,Royal Challengers Bangalore,1,4,1,1,3,-,6,50,4
2023,Reece Topley,BOW,1.9,Royal Challengers Bangalore,1,1,-,-,-,-,-,-,1
2024,Ricky Bhui,BAT/WK,0.2,Delhi Capitals,,2,2,0,3,1.5,9,33.33,0
2024,Rilee Rossouw,BAT,8,Punjab Kings,1,8,8,0,211,26.37,116,181.89,0
2023,Rilee Rossouw,BAT,4.6, Delhi Capitals,1,9,9,2,209,29.85,141,148.22,0
2023,Riley Meredith,BOW,1,Mumbai Indians,1,5,1,1,0,-,2,0,7
2022,Riley Meredith,BOW,1,Mumbai Indians,1,8,1,1,0,-,1,0,8
2021,Riley Meredith,BOW,8,Punjab Kings,1,5,1,1,0,-,0,-,4
2024,Rinku Singh,BAT,0.55,Kolkata Knight Riders,,15,11,2,168,18.66,113,148.67,0
2023,Rinku Singh,BAT,0.55,Kolkata Knight Riders,,14,14,6,474,59.25,317,149.52,0
2022,Rinku Singh,BAT,0.55,Kolkata Knight Riders,,7,7,2,174,34.8,117,148.71,0
2021,Rinku Singh,BAT,0.8,Kolkata Knight Riders,,0,0,0,0,0,0,0,0
2020,Rinku Singh,BAT,0.8,Kolkata Knight Riders,,1,1,0,11,11,11,100,0
2023,Ripal Patel,AR,0.2, Delhi Capitals,,5,4,1,49,16.33,43,113.95,0
2022,Ripal Patel,AR,0.2,Delhi Capitals ,,2,1,0,6,6,3,200,0
2021,Ripal Patel,AR,0.2,Delhi Capitals ,,2,2,1,25,25,27,92.59,0
2024,Rishabh Pant,BAT/WK,16,Delhi Capitals,,13,13,2,446,40.54,287,155.4,0
2023,Rishabh Pant,BAT/WK,16, Delhi Capitals,,0,0,0,0,0,0,0,0
2022,Rishabh Pant,BAT/WK,16,Delhi Capitals ,,14,13,2,340,30.9,224,151.78,0
2021,Rishabh Pant,BAT/WK,15,Delhi Capitals ,,16,16,4,419,34.91,326,128.52,0
2020,Rishabh Pant,BAT/WK,15,Delhi Capitals ,,14,14,3,343,31.18,301,113.95,0
2024,Rishi Dhawan,AR,0.55,Punjab Kings,,1,-,-,-,-,-,-,0
2023,Rishi Dhawan,AR,0.55,Punjab Kings,,6,3,1,20,10,12,166.66,1
2022,Rishi Dhawan,AR,0.55,Punjab Kings,,6,4,2,37,18.5,40,92.5,6
2024,Riyan Parag,AR,3.8,Rajasthan Royals,,16,14,3,573,52.09,384,149.21,0
2023,Riyan Parag,AR,3.8,Rajasthan Royals,,7,7,1,78,13,66,118.18,0
2022,Riyan Parag,AR,3.8,Rajasthan Royals,,17,14,3,183,16.63,132,138.63,1
2021,Riyan Parag,AR,0.2,Rajasthan Royals,,11,10,2,93,11.62,83,112.04,1
2020,Riyan Parag,AR,0.2,Rajasthan Royals,,12,8,1,86,12.28,77,111.68,0
2024,Robin Minz,BAT/WK,3.6,Gujarat Titans,,0,0,0,0,0,0,0,0
2022,Robin Uthappa,BAT,2,Chennai Super Kings,,12,11,0,230,20.9,171,134.5,0
2021,Robin Uthappa,BAT,3,Chennai Super Kings,,4,4,0,115,28.75,84,136.9,0
2020,Robin Uthappa,BAT,3,Rajasthan Royals,,12,12,0,196,16.33,164,119.51,0
2024,Rohit Sharma,BAT,16,Mumbai Indians,,14,14,1,417,32.07,278,150,0
2023,Rohit Sharma,BAT,16,Mumbai Indians,,16,16,0,332,20.75,250,132.8,0
2022,Rohit Sharma,BAT,16,Mumbai Indians,,14,14,0,268,19.14,223,120.17,0
2021,Rohit Sharma,BAT,15,Mumbai Indians,,13,13,0,381,29.3,299,127.42,0
2020,Rohit Sharma,BAT,15,Mumbai Indians,,12,12,0,332,27.66,260,127.69,0
2024,Romario Shepherd,AR,0.5,Mumbai Indians,1,6,5,3,57,28.5,21,271.42,1
2023,Romario Shepherd,AR,0.5,Lucknow Super Giants,1,1,1,0,0,0,1,0,0
2022,Romario Shepherd,AR,7.75,Sunrisers Hyderabad,1,3,3,1,58,29,41,141.46,3
2024,Rovman Powell,BAT,7.4,Rajasthan Royals,1,10,7,1,103,17.16,68,151.47,0
2023,Rovman Powell,BAT,2.8, Delhi Capitals,1,3,3,0,7,2.33,9,77.77,1
2022,Rovman Powell,BAT,2.8,Delhi Capitals ,1,14,12,2,250,25,167,149.7,0
2024,Ruturaj Gaikwad,BAT,6,Chennai Super Kings,,14,14,3,583,53,413,141.16,0
2023,Ruturaj Gaikwad,BAT,6,Chennai Super Kings,,16,15,1,590,42.14,400,147.5,0
2022,Ruturaj Gaikwad,BAT,6,Chennai Super Kings,,14,14,0,368,26.28,291,126.46,0
2021,Ruturaj Gaikwad,BAT,0.2,Chennai Super Kings,,16,16,2,635,45.35,466,136.26,0
2020,Ruturaj Gaikwad,BAT,0.2,Chennai Super Kings,,6,6,2,204,51,169,120.71,0
2021,Sachin Baby,BAT,0.2,Royal Challengers Bangalore,,1,1,0,7,7,17,41.17,0
2024,Sai Sudharsan,AR,0.2,Gujarat Titans,,12,12,1,527,47.9,373,141.28,0
2023,Sai Sudharsan,AR,0.2,Gujarat Titans,,8,8,1,362,51.71,256,141.4,0
2022,Sai Sudharsan,AR,0.2,Gujarat Titans,,5,5,1,145,36.25,114,127.19,0
2024,Sakib Hussain,BOW,0.2,Kolkata Knight Riders,,0,0,0,0,0,0,0,0
2022,Sam Billings,BAT/WK,2,Kolkata Knight Riders,1,8,8,1,169,24.14,138,122.46,0
2021,Sam Billings,BAT/WK,2,Delhi Capitals ,1,0,0,0,0,0,0,0,0
2024,Sam Curran,AR,18.5,Punjab Kings,1,13,12,2,270,27,219,123.28,16
2023,Sam Curran,AR,18.5,Punjab Kings,1,14,13,3,276,27.6,203,135.96,10
2021,Sam Curran,AR,5.5,Chennai Super Kings,1,9,4,1,56,18.66,29,193.1,9
2020,Sam Curran,AR,5.5,Chennai Super Kings,1,14,11,3,186,23.25,141,131.91,13
2023,Samarth Vyas,AR,0.2,Sunrisers Hyderabad,,0,0,0,0,0,0,0,0
2024,Sameer Rizvi,BAT,8.4,Chennai Super Kings,,8,5,1,51,12.75,43,118.6,0
2020,Sandeep Lamichhane,BOW,0.2,Delhi Capitals ,1,0,0,0,0,0,0,0,0
2024,Sandeep Sharma,BOW,0.5,Rajasthan Royals,,11,-,-,-,-,-,-,13
2023,Sandeep Sharma,BOW,0.5,Punjab Kings,,12,2,2,2,-,6,33.33,10
2022,Sandeep Sharma,BOW,0.5,Punjab Kings,,5,-,-,-,-,-,-,2
2021,Sandeep Sharma,BOW,3,Sunrisers Hyderabad,,7,2,1,8,8,7,114.28,3
2020,Sandeep Sharma,BOW,3,Sunrisers Hyderabad,,13,5,3,12,6,15,80,14
2021,Sandeep Warrier,BOW,0.2,Kolkata Knight Riders,,1,-,-,-,-,-,-,0
2020,Sandeep Warrier,BOW,0.2,Kolkata Knight Riders,,1,-,-,-,-,-,-,0
2022,Sanjay Yadav,AR,0.5,Mumbai Indians,,1,1,0,0,0,2,0,0
2020,Sanjay Yadav,AR,0.2,Sunrisers Hyderabad,,0,0,0,0,0,0,0,0
2024,Sanju Samson,BAT/WK,14,Rajasthan Royals,,16,15,4,531,48.27,346,153.46,0
2023,Sanju Samson,BAT/WK,14,Rajasthan Royals,,14,14,2,362,30.16,236,153.38,0
2022,Sanju Samson,BAT/WK,14,Rajasthan Royals,,17,17,1,458,28.62,312,146.79,0
2021,Sanju Samson,BAT/WK,8,Rajasthan Royals,,14,14,2,484,40.33,354,136.72,0
2020,Sanju Samson,BAT/WK,8,Rajasthan Royals,,14,14,1,375,28.84,236,158.89,0
2024,Sanvir Singh,AR,0.2,Sunrisers Hyderabad,,4,3,2,14,14,12,116.66,0
2023,Sanvir Singh,AR,0.2,Sunrisers Hyderabad,,2,2,1,11,11,9,122.22,0
2023,Sarfaraz Khan,AR,0.2, Delhi Capitals,,4,4,0,53,13.25,62,85.48,0
2022,Sarfaraz Khan,AR,0.2,Delhi Capitals ,,6,5,2,91,30.33,67,135.82,0
2021,Sarfaraz Khan,AR,0.25,Punjab Kings,,2,2,0,0,0,4,0,0
2020,Sarfaraz Khan,BAT,0.25,Punjab Kings,,5,3,1,33,16.5,29,113.79,0
2022,Saurabh Dubey,BOW,0.2,Sunrisers Hyderabad,,0,0,0,0,0,0,0,0
2021,Saurabh Kumar,AR,0.2,Punjab Kings,,0,0,0,0,0,0,0,0
2021,Saurabh Tiwary,BAT,0.5,Mumbai Indians,,5,4,2,115,57.5,97,118.55,0
2020,Saurabh Tiwary,BAT,0.5,Mumbai Indians,,7,5,0,103,20.6,80,128.75,0
2024,Saurav Chauhan,BAT,0.2,Royal Challengers Bangalore,,3,3,0,18,6,15,120,0
2022,Sean Abbott,BOW,2.4,Sunrisers Hyderabad,1,1,1,0,7,7,5,140,1
2020,Shahbaz Ahmed,BAT/WK,0.2,Royal Challengers Bangalore,,2,1,1,1,-,1,100,2
2024,Shahbaz Ahmed,AR,2.4,Sunrisers Hyderabad,,16,12,3,215,23.88,166,129.51,7
2023,Shahbaz Ahmed,AR,2.4,Royal Challengers Bangalore,,10,6,2,42,10.5,39,107.69,1
2022,Shahbaz Ahmed,AR,2.4,Royal Challengers Bangalore,,16,11,3,219,27.37,181,120.99,4
2021,Shahbaz Ahmed,BAT/WK,0.2,Royal Challengers Bangalore,,11,7,0,59,8.42,53,111.32,7
2022,Shahbaz Nadeem,BOW,0.5,Lucknow Super Giants,,0,0,0,0,0,0,0,0
2021,Shahbaz Nadeem,BOW,3.2,Sunrisers Hyderabad,,1,1,0,0,0,1,0,1
2020,Shahbaz Nadeem,BOW,3.2,Sunrisers Hyderabad,,7,2,1,7,7,8,87.5,5
2024,Shahrukh Khan,AR,9,Punjab Kings,,7,7,0,127,18.14,75,169.33,0
2023,Shahrukh Khan,AR,9,Punjab Kings,,14,13,6,156,22.28,94,165.95,0
2022,Shahrukh Khan,AR,9,Punjab Kings,,8,8,1,117,16.71,108,108.33,0
2021,Shahrukh Khan,AR,5.25,Punjab Kings,,11,10,3,153,21.85,114,134.21,0
2024,Shai Hope,BAT/WK,0.75,Delhi Capitals,1,9,9,1,183,22.87,122,150,0
2024,Shaik Rasheed,BAT,0.2,Chennai Super Kings,,0,0,0,0,0,0,0,0
2023,Shaik Rasheed,BAT,0.2,Chennai Super Kings,,0,0,0,0,0,0,0,0
2023,Shakib Al Hasan,AR,1.5,Kolkata Knight Riders,1,0,0,0,0,0,0,0,0
2021,Shakib Al Hasan,AR,3.2,Kolkata Knight Riders,1,8,6,1,47,9.4,48,97.91,4
2024,Shams Mulani,AR,0.2,Mumbai Indians,,2,1,1,1,-,1,100,0
2023,Shams Mulani,AR,0.2,Mumbai Indians,,0,0,0,0,0,0,0,0
2020,Shane Watson,AR,4,Chennai Super Kings,1,11,11,1,299,29.9,247,121.05,0
2024,Shardul Thakur,AR,4,Chennai Super Kings,,9,3,2,21,21,17,123.52,5
2023,Shardul Thakur,BOW,10.75,Kolkata Knight Riders,,11,10,2,113,14.12,70,161.42,7
2022,Shardul Thakur,BOW,10.75,Delhi Capitals ,,14,10,2,120,15,87,137.93,15
2021,Shardul Thakur,BOW,2.6,Chennai Super Kings,,16,4,2,5,2.5,5,100,21
2020,Shardul Thakur,BOW,2.6,Chennai Super Kings,,9,2,1,12,12,21,57.14,10
2024,Shashank Singh,AR,0.2,Punjab Kings,,14,14,6,354,44.25,215,164.65,0
2022,Shashank Singh,AR,0.2,Sunrisers Hyderabad,,10,5,1,69,17.25,47,146.8,1
2020,Shashank Singh,AR,0.3,Rajasthan Royals,,0,0,0,0,0,0,0,0
2020,Sheldon Cottrell,BOW,8.5,Punjab Kings,1,6,1,0,0,0,2,0,6
2022,Sheldon Jackson,BAT/WK,0.6,Kolkata Knight Riders,,5,5,1,23,5.75,26,88.46,0
2021,Sheldon Jackson,BAT/WK,0.2,Kolkata Knight Riders,,0,0,0,0,0,0,0,0
2024,Sherfane Rutherford,BAT,1.5,Kolkata Knight Riders,1,0,0,0,0,0,0,0,0
2022,Sherfane Rutherford,AR,1,Royal Challengers Bangalore,1,3,2,0,33,16.5,50,66,0
2020,Sherfane Rutherford,AR,2,Mumbai Indians,1,0,0,0,0,0,0,0,0
2024,Shikhar Dhawan,BAT,8.25,Punjab Kings,,5,5,0,152,30.4,121,125.61,0
2023,Shikhar Dhawan,BAT,8.25,Punjab Kings,,11,11,2,373,41.44,261,142.91,0
2022,Shikhar Dhawan,BAT,8.25,Punjab Kings,,14,14,2,460,38.33,375,122.66,0
2021,Shikhar Dhawan,BAT,5.2,Delhi Capitals ,,16,16,1,587,39.13,471,124.62,0
2020,Shikhar Dhawan,BAT,5.2,Delhi Capitals ,,17,17,3,618,44.14,427,144.73,0
2024,Shimron Hetmyer,BAT,8.5,Rajasthan Royals,1,12,9,4,113,22.6,69,163.76,0
2023,Shimron Hetmyer,BAT,8.5,Rajasthan Royals,1,14,13,5,299,37.37,197,151.77,0
2022,Shimron Hetmyer,BAT,8.5,Rajasthan Royals,1,15,15,8,314,44.85,204,153.92,0
2021,Shimron Hetmyer,BAT,7.75,Delhi Capitals ,1,14,13,6,242,34.57,144,168.05,0
2020,Shimron Hetmyer,BAT,7.75,Delhi Capitals ,1,12,11,3,185,23.12,125,148,0
2024,Shivalik Sharma,AR,0.2,Mumbai Indians,,0,0,0,0,0,0,0,0
2024,Shivam Dube,AR,4,Chennai Super Kings,,14,14,3,396,36,244,162.29,1
2023,Shivam Dube,AR,4,Chennai Super Kings,,16,14,3,418,38,264,158.33,0
2022,Shivam Dube,AR,4,Chennai Super Kings,,11,11,1,289,28.9,185,156.21,0
2021,Shivam Dube,AR,4.4,Rajasthan Royals,,9,9,1,230,28.75,193,119.17,0
2020,Shivam Dube,AR,5,Royal Challengers Bangalore,,11,9,2,129,18.42,105,122.85,4
2024,Shivam Mavi,BOW,6.4,Lucknow Super Giants,,0,0,0,0,0,0,0,0
2023,Shivam Mavi,BOW,6,Gujarat Titans,,0,0,0,0,0,0,0,0
2022,Shivam Mavi,AR,7.25,Kolkata Knight Riders,,6,3,1,3,1.5,7,42.85,5
2021,Shivam Mavi,AR,3,Kolkata Knight Riders,,9,2,0,25,12.5,20,125,11
2020,Shivam Mavi,AR,3,Kolkata Knight Riders,,8,3,1,10,5,14,71.42,9
2024,Shivam Singh,AR,0.2,Punjab Kings,,1,1,1,2,-,3,66.66,0
2023,Shivam Singh,AR,0.2,Punjab Kings,,0,0,0,0,0,0,0,0
2021,Shreevats Goswami,BAT/WK,1,Sunrisers Hyderabad,,0,0,0,0,0,0,0,0
2020,Shreevats Goswami,BAT/WK,1,Sunrisers Hyderabad,,2,2,0,0,0,4,0,0
2024,Shreyas Gopal,BOW,0.2,Mumbai Indians,,3,-,-,-,-,-,-,3
2022,Shreyas Gopal,BOW,0.75,Sunrisers Hyderabad,,1,1,1,9,-,7,128.57,1
2021,Shreyas Gopal,AR,0.2,Rajasthan Royals,,3,2,1,7,7,5,140,0
2020,Shreyas Gopal,AR,0.2,Rajasthan Royals,,14,5,1,37,9.25,39,94.87,10
2024,Shreyas Iyer,BAT,12.25,Kolkata Knight Riders,,15,14,5,351,39,239,146.86,0
2023,Shreyas Iyer,BAT,12.25,Kolkata Knight Riders,,0,0,0,0,0,0,0,0
2022,Shreyas Iyer,BAT,12.25,Kolkata Knight Riders,,14,14,1,401,30.84,298,134.56,0
2021,Shreyas Iyer,BAT,7,Delhi Capitals ,,8,8,3,175,35,171,102.33,0
2020,Shreyas Iyer,BAT,7,Delhi Capitals ,,17,17,2,519,34.6,421,123.27,0
2024,Shubham Dubey,BAT,5.8,Rajasthan Royals,,4,3,1,33,16.5,19,173.68,0
2022,Shubham Garhwal,AR,0.2,Rajasthan Royals,,0,0,0,0,0,0,0,0
2024,Shubman Gill,BAT,8,Gujarat Titans,,12,12,1,426,38.72,289,147.4,0
2023,Shubman Gill,BAT,8,Gujarat Titans,,17,17,2,890,59.33,564,157.8,0
2022,Shubman Gill,BAT,8,Gujarat Titans,,16,16,2,483,34.5,365,132.32,0
2021,Shubman Gill,BAT,1.8,Kolkata Knight Riders,,17,17,0,478,28.11,402,118.9,0
2020,Shubman Gill,BAT,1.8,Kolkata Knight Riders,,14,14,1,440,33.84,373,117.96,0
2023,Siddarth Kaul,BOW,0.75,Royal Challengers Bangalore,,0,0,0,0,0,0,0,0
2022,Siddarth Kaul,BOW,0.75,Royal Challengers Bangalore,,1,-,-,-,-,-,-,0
2021,Siddarth Kaul,BOW,3.8,Sunrisers Hyderabad,,8,2,2,8,-,8,100,7
2020,Siddarth Kaul,BOW,3.8,Sunrisers Hyderabad,,1,-,-,-,-,-,-,2
2020,Siddhesh Lad,BAT,0.2,Kolkata Knight Riders,,0,0,0,0,0,0,0,0
2024,Sikandar Raza,AR,0.5,Punjab Kings,1,2,2,0,43,21.5,38,113.15,0
2023,Sikandar Raza,AR,0.5,Punjab Kings,1,7,7,2,139,27.8,98,141.83,3
2024,Simarjeet Singh,BOW,0.2,Chennai Super Kings,,4,-,-,-,-,-,-,5
2023,Simarjeet Singh,BOW,0.2,Chennai Super Kings,,0,0,0,0,0,0,0,0
2022,Simarjeet Singh,BOW,0.2,Chennai Super Kings,,6,3,2,7,7,8,87.5,4
2023,Sonu Yadav,AR,0.2,Royal Challengers Bangalore,,0,0,0,0,0,0,0,0
2024,Spencer Johnson,BOW,10,Gujarat Titans,1,5,3,3,6,-,7,85.71,4
2022,Srikar Bharat,BAT/WK,1.2,Delhi Capitals,,2,2,0,8,4,7,114.28,0
2021,Srikar Bharat,BAT/WK,1.2,Royal Challengers Bangalore,,8,7,2,191,38.2,156,122.43,0
2021,Steven Smith,BAT,2.2,Delhi Capitals ,1,8,7,1,152,25.33,135,112.59,0
2020,Steven Smith,BAT,12.5,Rajasthan Royals,1,14,14,2,311,25.91,237,131.22,0
2023,Subhranshu Senapati,BAT,0.2,Chennai Super Kings,,0,0,0,0,0,0,0,0
2022,Subhranshu Senapati,BAT,0.2,Chennai Super Kings,,0,0,0,0,0,0,0,0
2024,Sumit Kumar,AR,1,Delhi Capitals,,4,3,1,18,9,24,75,0
2024,Sunil Narine,BOW,6,Kolkata Knight Riders,1,15,14,0,488,34.85,270,180.74,17
2023,Sunil Narine,BOW,6,Kolkata Knight Riders,1,14,10,3,21,3,25,84,11
2022,Sunil Narine,BOW,6,Kolkata Knight Riders,1,14,10,2,71,8.87,40,177.5,9
2021,Sunil Narine,BOW,12.5,Kolkata Knight Riders,1,14,10,2,62,7.75,47,131.91,16
2020,Sunil Narine,BOW,12.5,Kolkata Knight Riders,1,10,9,0,121,13.44,85,142.35,5
2021,Suresh Raina,BAT,11,Chennai Super Kings,,12,11,2,160,17.77,128,125,0
2020,Suresh Raina,BAT,11,Chennai Super Kings,,0,0,0,0,0,0,0,0
2024,Suryakumar Yadav,BAT,8,Mumbai Indians,,11,11,1,345,34.5,206,167.47,0
2023,Suryakumar Yadav,BAT,8,Mumbai Indians,,16,16,2,605,43.21,334,181.13,0
2022,Suryakumar Yadav,BAT,8,Mumbai Indians,,8,8,1,303,43.28,208,145.67,0
2021,Suryakumar Yadav,BAT,3.2,Mumbai Indians,,14,14,0,317,22.64,221,143.43,0
2020,Suryakumar Yadav,BAT,3.2,Mumbai Indians,,16,15,3,480,40,331,145.01,0
2024,Sushant Mishra,BOW,2.2,Gujarat Titans,,0,0,0,0,0,0,0,0
2024,Suyash Prabhudessai,AR,0.3,Royal Challengers Bangalore,,1,1,0,24,24,18,133.33,0
2023,Suyash Prabhudessai,AR,0.3,Royal Challengers Bangalore,,5,4,0,35,8.75,29,120.68,0
2022,Suyash Prabhudessai,AR,0.3,Royal Challengers Bangalore,,5,5,0,67,13.4,59,113.55,0
2021,Suyash Prabhudessai,AR,0.2,Royal Challengers Bangalore,,0,0,0,0,0,0,0,0
2024,Suyash Sharma,BOW,0.2,Kolkata Knight Riders,,2,-,-,-,-,-,-,0
2023,Suyash Sharma,BOW,0.2,Kolkata Knight Riders,,11,-,-,-,-,-,-,10
2024,Swapnil Singh,AR,0.2,Royal Challengers Bangalore,,7,5,3,37,18.5,21,176.19,6
2023,Swapnil Singh,AR,0.2,Lucknow Super Giants,,2,1,1,2,-,4,50,0
2024,Swastik Chikara,BAT,0.2,Delhi Capitals,,0,0,0,0,0,0,0,0
2024,T Natarajan,BOW,4,Sunrisers Hyderabad,,14,-,-,-,-,-,-,19
2023,T Natarajan,BOW,4,Sunrisers Hyderabad,,12,-,-,-,-,-,-,10
2022,T Natarajan,BOW,4,Sunrisers Hyderabad,,11,-,-,-,-,-,-,18
2021,T Natarajan,BOW,0.4,Sunrisers Hyderabad,,2,1,1,0,-,0,-,2
2020,T Natarajan,BOW,0.4,Sunrisers Hyderabad,,16,3,3,3,-,5,60,16
2020,Tajinder Dhillon,AR,0.2,Punjab Kings,,0,0,0,0,0,0,0,0
2024,Tanay Thyagarajan,AR,0.2,Punjab Kings,,0,0,0,0,0,0,0,0
2022,Tejas Baroka,BOW,0.2,Rajasthan Royals,,1,-,-,-,-,-,-,0
2024,Tilak Varma,AR,1.7,Mumbai Indians,,13,13,3,416,41.6,278,149.64,0
2023,Tilak Varma,AR,1.7,Mumbai Indians,,11,11,3,343,42.87,209,164.11,0
2022,Tilak Varma,AR,1.7,Mumbai Indians,,14,14,3,397,36.09,303,131.02,0
2024,Tim David,AR,8.25,Mumbai Indians,1,13,11,3,241,30.12,152,158.55,0
2023,Tim David,AR,8.25,Mumbai Indians,1,16,15,6,231,25.66,146,158.21,0
2021,Tim David,AR,8.25,Mumbai Indians,1,1,1,0,1,1,3,33.33,0
2022,Tim David,AR,8.25,Mumbai Indians,1,8,8,3,186,37.2,86,216.27,0
2022,Tim Seifert,BAT/WK,0.5,Delhi Capitals ,1,2,2,0,24,12,19,126.31,0
2021,Tim Seifert,BAT/WK,0.5,Kolkata Knight Riders,1,1,1,0,2,2,4,50,0
2023,Tim Southee,BOW,1.5,Kolkata Knight Riders,1,2,-,-,-,-,-,-,2
2022,Tim Southee,BOW,1.5,Kolkata Knight Riders,1,9,5,1,2,0.5,12,16.66,14
2021,Tim Southee,BOW,1.5,Kolkata Knight Riders,1,3,1,0,3,3,5,60,3
2020,Tom Banton,BAT,1,Kolkata Knight Riders,1,2,2,0,18,9,20,90,0
2024,Tom Curran,AR,1.5,Royal Challengers Bangalore,1,0,0,0,0,0,0,0,0
2021,Tom Curran,AR,5.25,Delhi Capitals ,1,3,2,1,21,21,17,123.52,4
2020,Tom Curran,AR,1,Rajasthan Royals,1,5,4,3,83,83,62,133.87,3
2024,Tom Kohler-Cadmore,BAT/WK,0.4,Rajasthan Royals,1,4,3,0,48,16,54,88.88,0
2024,Travis Head,BAT,6.8,Sunrisers Hyderabad,1,15,15,1,567,40.5,296,191.55,0
2024,Trent Boult,BOW,8,Rajasthan Royals,1,16,5,3,14,7,16,87.5,16
2023,Trent Boult,BOW,8,Rajasthan Royals,1,10,4,3,16,16,14,114.28,13
2022,Trent Boult,BOW,8,Rajasthan Royals,1,16,8,6,40,20,29,137.93,16
2021,Trent Boult,BOW,3.2,Mumbai Indians,1,14,4,4,1,-,4,25,13
2020,Trent Boult,BOW,3.2,Mumbai Indians,1,15,1,0,0,0,1,0,25
2024,Tristan Stubbs,BAT/WK,0.5,Delhi Capitals,1,14,13,6,378,54,198,190.9,0
2022,Tristan Stubbs,BAT/WK,0.2,Mumbai Indians,1,2,2,0,2,1,4,50,1
2023,Tristan Stubbs,BAT/WK,0.2,Mumbai Indians,1,2,2,0,25,12.5,31,80.64,3
2024,Tushar Deshpande,BOW,0.2,Chennai Super Kings,,13,1,1,0,-,1,0,17
2023,Tushar Deshpande,BOW,0.2,Chennai Super Kings,,16,1,1,0,-,1,0,21
2022,Tushar Deshpande,BOW,0.2,Chennai Super Kings,,2,-,-,-,-,-,-,1
2020,Tushar Deshpande,BOW,0.2,Delhi Capitals ,,5,2,1,21,21,12,175,3
2022,Tymal Mills,BOW,1.5,Mumbai Indians,1,5,2,1,0,0,3,0,6
2024,Umesh Yadav,BOW,5.8,Gujarat Titans,,7,2,1,12,12,15,80,8
2023,Umesh Yadav,BOW,2,Kolkata Knight Riders,,8,5,3,19,9.5,18,105.55,1
2022,Umesh Yadav,BOW,2,Kolkata Knight Riders,,12,7,3,55,13.75,40,137.5,16
2021,Umesh Yadav,BOW,1,Delhi Capitals ,,0,0,0,0,0,0,0,0
2020,Umesh Yadav,BOW,4.2,Royal Challengers Bangalore,,2,1,0,0,0,2,0,0
2024,Umran Malik,BOW,4,Sunrisers Hyderabad,,1,-,-,-,-,-,-,0
2023,Umran Malik,BOW,4,Sunrisers Hyderabad,,8,2,1,19,19,8,237.5,5
2022,Umran Malik,BOW,4,Sunrisers Hyderabad,,14,4,3,4,4,8,50,22
2021,Umran Malik,BOW,4,Sunrisers Hyderabad,,3,-,-,-,-,-,-,2
2024,Upendra Yadav,BAT/WK,0.25,Sunrisers Hyderabad,,0,0,0,0,0,0,0,0
2023,Upendra Yadav,BAT/WK,0.25,Sunrisers Hyderabad,,0,0,0,0,0,0,0,0
2023,Urvil Patel,BAT/WK,0.2,Gujarat Titans,,0,0,0,0,0,0,0,0
2021,Utkarsh Singh,AR,0.2,Punjab Kings,,0,0,0,0,0,0,0,0
2024,Vaibhav Arora,BOW,0.6,Kolkata Knight Riders,,10,2,2,1,-,1,100,11
2023,Vaibhav Arora,BOW,0.6,Kolkata Knight Riders,,5,2,2,3,-,2,150,5
2022,Vaibhav Arora,BOW,2,Punjab Kings,,5,4,2,5,2.5,13,38.46,3
2021,Vaibhav Arora,BOW,0.2,Kolkata Knight Riders,,0,0,0,0,0,0,0,0
2022,Varun Aaron,BOW,0.5,Gujarat Titans,,2,-,-,-,-,-,-,2
2020,Varun Aaron,BOW,2.4,Rajasthan Royals,,3,2,1,1,1,10,10,0
2024,Varun Chakravarthy,BOW,12,Kolkata Knight Riders,,15,-,-,-,-,-,-,21
2023,Varun Chakravarthy,AR,12,Kolkata Knight Riders,,14,2,1,1,1,9,11.11,20
2022,Varun Chakravarthy,AR,8,Kolkata Knight Riders,,11,4,4,12,-,18,66.66,6
2021,Varun Chakravathi,AR,4,Kolkata Knight Riders,,17,3,2,2,2,4,50,18
2020,Varun Chakravathi,AR,4,Kolkata Knight Riders,,13,3,1,10,5,15,66.66,17
2024,Venkatesh Iyer,AR,8,Kolkata Knight Riders,,15,13,5,370,46.25,233,158.79,0
2023,Venkatesh Iyer,AR,8,Kolkata Knight Riders,,14,14,0,404,28.85,277,145.84,0
2022,Venkatesh Iyer,AR,8,Kolkata Knight Riders,,12,12,1,182,16.54,169,107.69,0
2021,Venkatesh Iyer,AR,0.2,Kolkata Knight Riders,,10,10,1,370,41.11,288,128.47,3
2024,Vicky Ostwal,AR,0.2,Delhi Capitals,,0,0,0,0,0,0,0,0
2023,Vicky Ostwal,AR,0.2, Delhi Capitals,,0,0,0,0,0,0,0,0
2022,Vicky Ostwal,AR,0.2,Delhi Capitals ,,0,0,0,0,0,0,0,0
2024,Vidwath Kaverappa,BOW,0.2,Punjab Kings,,1,-,-,-,-,-,-,2
2023,Vidwath Kaverappa,BOW,0.2,Punjab Kings,,0,0,0,0,0,0,0,0
2024,Vijay Shankar,AR,1.4,Gujarat Titans,,7,7,2,83,16.6,72,115.27,0
2023,Vijay Shankar,AR,1.4,Gujarat Titans,,14,10,2,301,37.62,188,160.1,0
2022,Vijay Shankar,AR,1.4,Gujarat Titans,,4,4,0,19,4.75,35,54.28,0
2021,Vijay Shankar,AR,3.2,Sunrisers Hyderabad,,7,5,0,58,11.6,52,111.53,3
2020,Vijay Shankar,AR,3.2,Sunrisers Hyderabad,,7,5,1,97,24.25,96,101.04,4
2024,Virat Kohli,BAT,15,Royal Challengers Bangalore,,15,15,3,741,61.75,479,154.69,0
2023,Virat Kohli,BAT,15,Royal Challengers Bangalore,,14,14,2,639,53.25,457,139.82,0
2022,Virat Kohli,BAT,15,Royal Challengers Bangalore,,16,16,1,341,22.73,294,115.98,0
2021,Virat Kohli,BAT,17,Royal Challengers Bangalore,,15,15,1,405,28.92,339,119.46,0
2020,Virat Kohli,BAT,17,Royal Challengers Bangalore,,15,15,4,466,42.36,384,121.35,0
2021,Virat Singh,BAT,1.9,Sunrisers Hyderabad,,3,2,0,15,7.5,26,57.69,0
2020,Virat Singh,BAT,1.9,Sunrisers Hyderabad,,0,0,0,0,0,0,0,0
2024,Vishnu Vinod,BAT/WK,0.2,Mumbai Indians,,0,0,0,0,0,0,0,0
2023,Vishnu Vinod,BAT/WK,0.2,Mumbai Indians,,3,3,0,37,12.33,31,119.35,0
2022,Vishnu Vinod,BAT/WK,0.5,Sunrisers Hyderabad,,0,0,0,0,0,0,0,0
2021,Vishnu Vinod,BAT/WK,0.2,Delhi Capitals ,,0,0,0,0,0,0,0,0
2024,Vishwanath Singh,AR,0.2,Punjab Kings,,0,0,0,0,0,0,0,0
2023,Vivrant Sharma,AR,2.6,Sunrisers Hyderabad,,3,1,0,69,69,47,146.8,0
2024,Vyshak Vijaykumar,BOW,0.2,Royal Challengers Bangalore,,4,2,1,1,1,3,33.33,4
2023,Vyshak Vijaykumar,BOW,0.2,Royal Challengers Bangalore,,7,2,1,13,13,9,144.44,9
2024,Wanindu Hasaranga,AR,1.5,Sunrisers Hyderabad,1,0,0,0,0,0,0,0,0
2023,Wanindu Hasaranga,AR,10.75,Royal Challengers Bangalore,1,8,5,3,33,16.5,28,117.85,9
2022,Wanindu Hasaranga,AR,10.75,Royal Challengers Bangalore,1,16,7,0,38,5.42,43,88.37,26
2021,Wanindu Hasaranga,AR,10.75,Royal Challengers Bangalore,1,2,2,1,1,1,2,50,0
2024,Washington Sundar,AR,8.75,Sunrisers Hyderabad,,2,2,1,0,0,1,0,1
2023,Washington Sundar,AR,8.75,Sunrisers Hyderabad,,7,5,1,60,15,60,100,3
2022,Washington Sundar,AR,8.75,Sunrisers Hyderabad,,9,7,0,101,14.42,69,146.37,6
2021,Washington Sundar,AR,3.2,Royal Challengers Bangalore,,6,4,0,31,7.75,47,65.95,3
2020,Washington Sundar,AR,3.2,Royal Challengers Bangalore,,15,9,3,111,18.5,95,116.84,8
2024,Will Jacks,BAT,3.2,Royal Challengers Bangalore,1,8,8,1,230,32.85,131,175.57,2
2023,Will Jacks,BAT,3.2,Royal Challengers Bangalore,1,0,0,0,0,0,0,0,0
2024,Wriddhiman Saha,BAT/WK,1.9,Gujarat Titans,,9,9,0,136,15.11,115,118.26,0
2023,Wriddhiman Saha,BAT/WK,1.9,Gujarat Titans,,17,17,1,371,23.18,287,129.26,0
2022,Wriddhiman Saha,BAT/WK,1.9,Gujarat Titans,,11,11,1,317,31.7,259,122.39,0
2021,Wriddhiman Saha,BAT/WK,1.2,Sunrisers Hyderabad,,9,9,0,131,14.55,140,93.57,0
2020,Wriddhiman Saha,BAT/WK,1.2,Sunrisers Hyderabad,,4,4,1,214,71.33,153,139.86,0
2022,Writtick Chatterjee,AR,0.2,Punjab Kings,,0,0,0,0,0,0,0,0
2024,Yash Dayal,BOW,5,Royal Challengers Bangalore,,14,-,-,-,-,-,-,15
2023,Yash Dayal,BOW,3.2,Gujarat Titans,,5,-,-,-,-,-,-,2
2022,Yash Dayal,BOW,3.2,Gujarat Titans,,9,1,0,0,0,1,0,11
2024,Yash Dhull,AR,0.5,Delhi Capitals,,0,0,0,0,0,0,0,0
2023,Yash Dhull,AR,0.5, Delhi Capitals,,4,3,0,16,5.33,23,69.56,0
2022,Yash Dhull,AR,0.5,Delhi Capitals ,,0,0,0,0,0,0,0,0
2024,Yash Thakur,BOW,0.45,Lucknow Super Giants,,10,-,-,-,-,-,-,11
2023,Yash Thakur,BOW,0.45,Lucknow Super Giants,,9,-,-,-,-,-,-,13
2024,Yashasvi Jaiswal,AR,4,Rajasthan Royals,,16,15,1,435,31.07,279,155.91,0
2023,Yashasvi Jaiswal,AR,4,Rajasthan Royals,,14,14,1,625,48.07,382,163.61,0
2022,Yashasvi Jaiswal,AR,4,Rajasthan Royals,,10,10,0,258,25.8,194,132.98,0
2021,Yashasvi Jaiswal,AR,2.4,Rajasthan Royals,,10,10,0,249,24.9,168,148.21,0
2020,Yashasvi Jaiswal,AR,2.4,Rajasthan Royals,,3,3,0,40,13.33,44,90.9,0
2023,Yudhvir Singh Charak,AR,0.2,Lucknow Super Giants,,3,2,0,1,0.5,2,50,3
2024,Yudhvir Singh Charak,AR,0.2,Lucknow Super Giants,,2,2,0,21,10.5,14,150,1
2021,Yudhvir Singh Charak,AR,0.2,Mumbai Indians,,0,0,0,0,0,0,0,0
2024,Yuzvendra Chahal,BOW,6.5,Rajasthan Royals,,15,-,-,-,-,-,-,18
2023,Yuzvendra Chahal,BOW,6.5,Rajasthan Royals,,14,-,-,-,-,-,-,21
2022,Yuzvendra Chahal,BOW,6.5,Rajasthan Royals,,17,2,1,5,5,8,62.5,27
2021,Yuzvendra Chahal,BOW,6,Royal Challengers Bangalore,,15,2,2,10,-,27,37.03,18
2020,Yuzvendra Chahal,BOW,6,Royal Challengers Bangalore,,15,2,1,1,1,3,33.33,21